abbr,year,Population,vacc,doesA1,doesA2,doesA3,doesA4,doesA5,dose1,dose2,doseUNK,total_dose,td_sum,dose_pop_ratio,dpr_norm,name
AT,2020,8901064,AZ,0,0,0,0,0,0,0,0,0,0,0.0,0.0,Austria
AT,2020,8901064,COM,0,0,0,0,0,10702,0,0,10702,10702,0.0012023281711040388,8.070718598355156e-05,Austria
AT,2020,8901064,COMBA.1,0,0,0,0,0,4,0,0,4,4,4.493844780803733e-07,3.01652722794063e-08,Austria
AT,2020,8901064,COMBA.4-5,0,0,0,0,0,0,0,0,0,0,0.0,0.0,Austria
AT,2020,8901064,JANSS,0,0,0,0,0,0,0,0,0,0,0.0,0.0,Austria
AT,2020,8901064,MOD,0,0,0,0,0,0,0,0,0,0,0.0,0.0,Austria
AT,2020,8901064,MODBA.1,0,0,0,0,0,0,0,0,0,0,0.0,0.0,Austria
AT,2020,8901064,NVXD,0,0,0,0,0,0,0,0,0,0,0.0,0.0,Austria
AT,2020,8901064,SGSK,0,0,0,0,0,0,0,0,0,0,0.0,0.0,Austria
AT,2020,8901064,UNK,0,0,0,0,0,0,0,16,16,16,1.7975379123214933e-06,1.206610891176252e-07,Austria
AT,2020,8901064,VLA,0,0,0,0,0,0,0,0,0,0,0.0,0.0,Austria
AT,2021,8932664,AZ,2404,66,0,0,0,1636066,1547228,0,3185764,3185764,0.3566420946763474,0.023939869792934176,Austria
AT,2021,8932664,COM,7178438,9360,234,0,0,9937114,9298514,0,26423660,26434362,2.9592920991990743,0.1986447157853774,Austria
AT,2021,8932664,COMBA.1,366,8,0,0,0,498,434,0,1306,1310,0.0001466527790589683,9.844178485519885e-06,Austria
AT,2021,8932664,COMBA.4-5,124,2,0,0,0,110,102,0,338,338,3.783865597093991e-05,2.5399483420654357e-06,Austria
AT,2021,8932664,JANSS,21604,92,6,0,0,705214,1676,0,728592,728592,0.08156491725200903,0.005475106634444201,Austria
AT,2021,8932664,MOD,782690,2026,100,0,0,1124728,1076846,0,2986390,2986390,0.3343224372930629,0.022441645944558573,Austria
AT,2021,8932664,MODBA.1,40,0,0,0,0,14,18,0,72,72,8.060305413928029e-06,5.410540847003295e-07,Austria
AT,2021,8932664,NVXD,0,0,0,0,0,0,0,0,0,0,0.0,0.0,Austria
AT,2021,8932664,SGSK,0,0,0,0,0,0,0,0,0,0,0.0,0.0,Austria
AT,2021,8932664,UNK,0,0,0,0,0,0,0,17956,17956,17972,0.0020119417902654795,0.00013505311125325446,Austria
AT,2021,8932664,VLA,0,0,0,0,0,0,0,0,0,0,0.0,0.0,Austria
AT,2022,8978929,AZ,326,182,24,0,0,60,106,0,698,3186462,0.35488219140612426,0.02382173495757343,Austria
AT,2022,8978929,COM,2532880,1627022,18000,0,0,349748,690254,0,5217904,31652266,3.525171654659481,0.23662980806255118,Austria
AT,2022,8978929,COMBA.1,10930,128858,2772,0,0,1134,1342,0,145036,146346,0.016298825839919217,0.001094070986599257,Austria
AT,2022,8978929,COMBA.4-5,69038,1472590,50206,0,0,6794,4458,0,1603086,1603424,0.17857630904532154,0.011987069531226866,Austria
AT,2022,8978929,JANSS,5286,1354,38,0,0,1664,106,0,8448,737040,0.0820855137622761,0.00551005206813385,Austria
AT,2022,8978929,MOD,185948,83168,1016,0,0,11218,24758,0,306108,3292498,0.3666916176751147,0.024614451609446655,Austria
AT,2022,8978929,MODBA.1,1090,30174,880,0,0,146,70,0,32360,32432,0.0036120120785006764,0.00024245903705866304,Austria
AT,2022,8978929,NVXD,5834,6514,210,0,0,9370,7640,0,29568,29568,0.0032930430789685494,0.0002210480022123381,Austria
AT,2022,8978929,SGSK,10,56,18,0,0,0,0,0,84,84,9.355236019797017e-06,6.279772790123241e-07,Austria
AT,2022,8978929,UNK,0,0,0,0,0,0,0,1438,1438,19410,0.002161727751717382,0.00014510760697177634,Austria
AT,2022,8978929,VLA,592,1596,114,0,0,946,876,0,4124,4124,0.00045929753982908205,3.0830694031509815e-05,Austria
AT,2023,8978929,AZ,6,36,2,0,0,0,0,0,44,3186506,0.35488709176784894,0.023822063898052918,Austria
AT,2023,8978929,COM,3230,19862,7172,0,0,2132,3288,0,35684,31687950,3.5291458480181768,0.23689657879141163,Austria
AT,2023,8978929,COMBA.1,418,2886,1120,0,0,118,202,0,4744,151090,0.01682717393132299,0.0011295367510234767,Austria
AT,2023,8978929,COMBA.4-5,10262,127362,43638,0,0,1700,1404,0,184366,1787790,0.1991094929027727,0.013365374995779082,Austria
AT,2023,8978929,JANSS,2,6,8,0,0,32,0,0,48,737088,0.08209085961143027,0.0055104109122932855,Austria
AT,2023,8978929,MOD,144,3554,2034,0,0,72,40,0,5844,3298342,0.3673424748096349,0.024658140885857945,Austria
AT,2023,8978929,MODBA.1,50,1132,268,0,0,12,10,0,1472,33904,0.0037759514525618812,0.0002534635912813552,Austria
AT,2023,8978929,NVXD,124,152,88,0,0,76,138,0,578,30146,0.0033574160125333435,0.00022536908396554196,Austria
AT,2023,8978929,SGSK,16,262,334,0,0,4,2,0,618,702,7.81830438797322e-05,5.248095831745851e-06,Austria
AT,2023,8978929,UNK,0,0,0,0,0,0,0,20,20,19430,0.0021639551888649527,0.00014525712537154117,Austria
AT,2023,8978929,VLA,80,90,46,0,0,70,104,0,390,4514,0.0005027325642067111,3.374630282692418e-05,Austria
BE,2020,11522440,AZ,0,0,0,0,0,0,0,0,0,0,0.0,0.0,Belgium
BE,2020,11522440,COM,0,0,0,0,0,2772,0,0,2772,2772,0.00024057404508072942,1.6148714357509346e-05,Belgium
BE,2020,11522440,COMBA.1,0,0,0,0,0,0,0,0,0,0,0.0,0.0,Belgium
BE,2020,11522440,COMBA.4-5,0,0,0,0,0,0,0,0,0,0,0.0,0.0,Belgium
BE,2020,11522440,JANSS,0,0,0,0,0,0,0,0,0,0,0.0,0.0,Belgium
BE,2020,11522440,MOD,0,0,0,0,0,0,0,0,0,0,0.0,0.0,Belgium
BE,2020,11522440,MODBA.1,0,0,0,0,0,0,0,0,0,0,0.0,0.0,Belgium
BE,2020,11522440,NVXD,0,0,0,0,0,0,0,0,0,0,0.0,0.0,Belgium
BE,2021,11554767,AZ,0,0,0,0,0,2984315,2949715,0,5934030,5934030,0.5135568722415605,0.03447289267377911,Belgium
BE,2021,11554767,COM,7100049,0,0,0,0,12759216,12601370,0,32460635,32463407,2.8095250211449527,0.18859148762918446,Belgium
BE,2021,11554767,COMBA.1,0,0,0,0,0,0,0,0,0,0,0.0,0.0,Belgium
BE,2021,11554767,COMBA.4-5,0,0,0,0,0,0,0,0,0,0,0.0,0.0,Belgium
BE,2021,11554767,JANSS,0,0,0,0,0,859969,0,0,859969,859969,0.0744254730536756,0.004995866053892068,Belgium
BE,2021,11554767,MOD,2012718,0,0,0,0,1432552,1412697,0,4857967,4857967,0.4204296806677279,0.028221659648461617,Belgium
BE,2021,11554767,MODBA.1,0,0,0,0,0,0,0,0,0,0,0.0,0.0,Belgium
BE,2021,11554767,NVXD,0,0,0,0,0,0,0,0,0,0,0.0,0.0,Belgium
BE,2022,11617623,AZ,0,0,0,0,0,140,305,0,445,5934475,0.5108166274632944,0.034288951674744786,Belgium
BE,2022,11617623,COM,1720121,1444368,56211,0,0,368143,399977,0,3988820,36452227,3.137666543319576,0.21061823498116128,Belgium
BE,2022,11617623,COMBA.1,43391,5399840,806514,0,0,0,0,0,6249745,6249745,0.537953848218349,0.036110558100670716,Belgium
BE,2022,11617623,COMBA.4-5,22381,857693,100877,0,0,0,0,0,980951,980951,0.08443646346589143,0.005667861341448497,Belgium
BE,2022,11617623,JANSS,1098,259,26,0,0,4155,0,0,5538,865507,0.07449949098881932,0.005000834563656151,Belgium
BE,2022,11617623,MOD,3884860,96554,2961,0,0,7721,8297,0,4000393,8858360,0.7624933258722546,0.05118294001701788,Belgium
BE,2022,11617623,MODBA.1,1031,143956,11026,0,0,0,0,0,156013,156013,0.013428994898526144,0.0009014314185554675,Belgium
BE,2022,11617623,NVXD,576,222,15,0,0,2274,2184,0,5271,5271,0.00045370726868998934,3.0455442861850418e-05,Belgium
BE,2023,11617623,AZ,0,0,0,0,0,1,0,0,1,5934476,0.5108167135394219,0.03428895745266982,Belgium
BE,2023,11617623,COM,452,2680,1608,0,0,578,588,0,5906,36458133,3.138174908929305,0.21065235940642063,Belgium
BE,2023,11617623,COMBA.1,231,1764,909,0,0,0,0,0,2904,6252649,0.5382038132929602,0.03612733719497366,Belgium
BE,2023,11617623,COMBA.4-5,6107,50643,20253,0,0,0,0,0,77003,1057954,0.09106458352108689,0.0061127789029531586,Belgium
BE,2023,11617623,JANSS,18,8,2,0,0,45,0,0,73,865580,0.07450577454613565,0.005001256352183739,Belgium
BE,2023,11617623,MOD,53,326,169,0,0,11,6,0,565,8858925,0.7625419588843604,0.05118620454466291,Belgium
BE,2023,11617623,MODBA.1,21,381,3080,0,0,0,0,0,3482,159495,0.013728711974902268,0.0009215501535289001,Belgium
BE,2023,11617623,NVXD,4,16,2,0,0,9,9,0,40,5311,0.00045715031379482706,3.0686559863268366e-05,Belgium
BG,2020,6951482,COM,0,0,0,0,0,14060,0,0,14060,14060,0.0020225902908185623,0.0001357678998901991,Bulgaria
BG,2020,6951482,MOD,0,0,0,0,0,0,0,0,0,0,0.0,0.0,Bulgaria
BG,2021,6916548,AZ,0,0,0,0,0,501330,465018,0,966348,966348,0.1397153608996858,0.009378499055325088,Bulgaria
BG,2021,6916548,COM,492244,0,0,0,0,2165986,2112061,0,4770291,4784351,0.6917252652623823,0.046432580533972895,Bulgaria
BG,2021,6916548,JANSS,12,0,0,0,0,940543,0,0,940555,940555,0.13598618848593258,0.00912817554233184,Bulgaria
BG,2021,6916548,MOD,82350,0,0,0,0,388647,372244,0,843241,843241,0.12191645312083427,0.008183733936336994,Bulgaria
BG,2022,6838937,AZ,0,0,0,0,0,64,82,0,146,966494,0.14132225519843217,0.009486363047986713,Bulgaria
BG,2022,6838937,COM,943942,210400,0,0,0,139210,193544,0,1487096,6271447,0.9170207299760182,0.061555708652311476,Bulgaria
BG,2022,6838937,JANSS,31376,0,0,0,0,97094,0,0,128470,1069025,0.15631449741385248,0.010492728622602929,Bulgaria
BG,2022,6838937,MOD,147459,17564,0,0,0,11543,21727,0,198293,1041534,0.15229472065614877,0.010222898073678464,Bulgaria
BG,2023,6838937,AZ,0,0,0,0,0,0,0,0,0,966494,0.14132225519843217,0.009486363047986713,Bulgaria
BG,2023,6838937,COM,9231,4891,0,0,0,1157,1381,0,16660,6288107,0.9194567810757724,0.061719230421075126,Bulgaria
BG,2023,6838937,JANSS,0,0,0,0,0,4608,0,0,4608,1073633,0.156988286337482,0.01053795721266673,Bulgaria
BG,2023,6838937,MOD,193,223,0,0,0,0,0,0,416,1041950,0.1523555488228653,0.010226981210281446,Bulgaria
CY,2020,888005,COM,0,0,0,0,0,8800,0,0,8800,8800,0.009909854111181806,0.0006652064370134481,Cyprus
CY,2021,896007,AZ,0,0,0,0,0,280444,264310,0,544754,544754,0.6079796251591785,0.04081109123216729,Cyprus
CY,2021,896007,COM,518622,0,0,0,0,874960,854450,0,2248032,2256832,2.518766036426055,0.16907407131966828,Cyprus
CY,2021,896007,JANSS,7985,0,0,0,0,46883,0,0,54868,54868,0.06123612873560139,0.004110521361433885,Cyprus
CY,2021,896007,MOD,87747,0,0,0,0,96654,91202,0,275603,275603,0.3075902308798927,0.020647226412030022,Cyprus
CY,2022,904705,AZ,0,0,0,0,0,10,76,0,86,544840,0.6022294560105228,0.0404251067879275,Cyprus
CY,2022,904705,COM,263863,69041,0,0,0,24204,40935,0,398043,2654875,2.934520092184745,0.1969818761170234,Cyprus
CY,2022,904705,COMBA.1,850,890,4,0,0,0,0,0,1744,1744,0.0019277001895645542,0.00012939833022198365,Cyprus
CY,2022,904705,COMBA.4-5,2682,51709,21704,0,0,0,38,0,76133,76133,0.08415229273630631,0.005648786166737546,Cyprus
CY,2022,904705,JANSS,4791,23,0,0,0,3858,628,0,9300,64168,0.07092698724998757,0.004761027553718032,Cyprus
CY,2022,904705,MOD,97656,3586,0,0,0,12068,13235,0,126545,402148,0.44450732559232015,0.029837889737448553,Cyprus
CY,2022,904705,MODBA.1,91,988,302,0,0,0,2,0,1383,1383,0.0015286750929861114,0.00010261346943635513,Cyprus
CY,2022,904705,MODBA.4-5,100,1385,340,0,0,0,4,0,1829,1829,0.002021653467152276,0.00013570501489450004,Cyprus
CY,2022,904705,NVXD,12,9,0,0,0,1621,233,0,1875,1875,0.002072498770317396,0.0001391180442466854,Cyprus
CY,2023,904705,AZ,0,0,0,0,0,0,0,0,0,544840,0.6022294560105228,0.0404251067879275,Cyprus
CY,2023,904705,COM,4,4,0,0,0,1211,355,0,1574,2656449,2.936259885819134,0.19709866107790033,Cyprus
CY,2023,904705,COMBA.1,0,0,0,0,0,0,0,0,0,1744,0.0019277001895645542,0.00012939833022198365,Cyprus
CY,2023,904705,COMBA.4-5,1467,15082,6722,0,0,0,14,126,23411,99544,0.11002923604931994,0.007385795518129093,Cyprus
CY,2023,904705,JANSS,12,6,0,0,0,102,2,0,122,64290,0.07106183783664288,0.004770079501130349,Cyprus
CY,2023,904705,MOD,0,0,0,0,0,0,0,0,0,402148,0.44450732559232015,0.029837889737448553,Cyprus
CY,2023,904705,MODBA.1,0,0,0,0,0,0,0,0,0,1383,0.0015286750929861114,0.00010261346943635513,Cyprus
CY,2023,904705,MODBA.4-5,78,1334,276,0,0,0,0,6,1694,3523,0.0038940870228417,0.00026139353060323876,Cyprus
CY,2023,904705,NVXD,6,0,0,0,0,0,0,0,6,1881,0.0020791307663824117,0.00013956322198827479,Cyprus
CZ,2020,10693939,COM,0,0,0,0,0,41393,0,0,41393,41393,0.003870697223913471,0.0002598234726959329,Czechia
CZ,2020,10693939,MOD,0,0,0,0,0,2,0,0,2,2,1.8702182610168246e-07,1.2553981238177128e-08,Czechia
CZ,2021,10494836,AZ,331,0,0,0,0,919193,903048,0,1822572,1822572,0.173663695173512,0.011657306617118784,Czechia
CZ,2021,10494836,COM,4444234,0,0,0,0,11272694,11024749,0,26741677,26783070,2.5520236809798647,0.17130651581268427,Czechia
CZ,2021,10494836,JANSS,2758,0,0,0,0,820264,48,0,823070,823070,0.07842618979467617,0.005264417184809137,Czechia
CZ,2021,10494836,MOD,686351,0,0,0,0,1079237,1038701,0,2804289,2804291,0.2672067481569031,0.017936454653438468,Czechia
CZ,2022,10516707,AZ,352,2,0,0,0,18,74,0,446,1823018,0.1733449453331732,0.01163591029349873,Czechia
CZ,2022,10516707,COM,3365058,572592,60,0,0,249903,400084,0,4587697,31370767,2.9829458023314714,0.2002324884615787,Czechia
CZ,2022,10516707,COMBA.1,22126,220838,20,0,0,138,311,0,243433,243433,0.02314726463331155,0.001553777609698465,Czechia
CZ,2022,10516707,COMBA.4-5,66574,769249,1141,0,0,443,561,0,837968,837968,0.07967969441385027,0.005348559628496561,Czechia
CZ,2022,10516707,JANSS,1871,53,0,0,0,14067,12,0,16003,839073,0.0797847653262566,0.00535561259279769,Czechia
CZ,2022,10516707,MOD,496387,45639,16,0,0,20020,42118,0,604180,3408471,0.32410059536697183,0.0217554970899859,Czechia
CZ,2022,10516707,MODBA.1,1386,14384,10,0,0,4,8,0,15792,15792,0.0015016107228241692,0.00010079675316147835,Czechia
CZ,2022,10516707,NVXD,410,508,0,0,0,11243,10544,0,22705,22705,0.002158945761253974,0.0001449208637621179,Czechia
CZ,2023,10516707,AZ,0,0,0,0,0,0,0,0,0,1823018,0.1733449453331732,0.01163591029349873,Czechia
CZ,2023,10516707,COM,1796,5909,1664,0,0,2183,2576,0,14128,31384895,2.9842891886214953,0.20032266428026319,Czechia
CZ,2023,10516707,COMBA.1,392,1710,294,0,0,189,183,0,2768,246201,0.023410464891719433,0.0015714451257034657,Czechia
CZ,2023,10516707,COMBA.4-5,10150,44102,5113,2,0,568,548,0,60483,898451,0.08543082925101936,0.005734608895306699,Czechia
CZ,2023,10516707,COMXBB,362,4271,18058,0,0,149,2,0,22842,22842,0.0021719726526563876,0.00014579530367999548,Czechia
CZ,2023,10516707,JANSS,67,6,0,0,0,1036,2,0,1111,840184,0.07989040675945426,0.005362703853737558,Czechia
CZ,2023,10516707,MOD,252,342,19,0,0,171,243,0,1027,3409498,0.32419824950909065,0.02176205219798342,Czechia
CZ,2023,10516707,MODBA.1,356,914,72,0,0,20,28,0,1390,17182,0.0016337813728194575,0.00010966880780271789,Czechia
CZ,2023,10516707,MODBA.4-5,20,51,18,0,0,6,4,0,99,99,9.413593057218387e-06,6.31894539196198e-07,Czechia
CZ,2023,10516707,NVXD,10,0,0,0,0,6,26,0,42,22747,0.0021629394067934,0.00014518894023329205,Czechia
CZ,2023,10516707,SGSK,0,0,0,0,0,0,0,0,0,0,0.0,0.0,Czechia
DE,2020,83166711,UNK,0,0,0,0,0,605739,0,0,605739,605739,0.007283430987189093,0.0004889058024330093,Germany
DE,2021,83155031,UNK,68723735,7608,76,0,0,121400821,115671379,0,305803619,306409358,3.684796389529336,0.2473447388729029,Germany
DE,2022,83237124,UNK,34004665,24526208,1954637,0,0,3143350,7196071,0,70824931,377234289,4.532043766913427,0.30421685856866376,Germany
DE,2023,83237124,UNK,96389,732091,387314,0,0,23534,25560,0,1264888,378499177,4.547239967108907,0.3052369149766357,Germany
DK,2020,5822763,COM,0,0,0,0,0,121588,2,0,121590,121590,0.020881839085671185,0.0014017092099059105,Denmark
DK,2020,5822763,MOD,0,0,0,0,0,12,0,0,12,12,2.0608772845468722e-06,1.3833794324262622e-07,Denmark
DK,2021,5840045,AZ,941,5,0,0,0,453742,6481,0,461169,461169,0.07896668604437124,0.005300698403527897,Denmark
DK,2021,5840045,COM,5147884,750,9,0,0,7510943,7670646,0,20330232,20451822,3.501997330500022,0.23507421406173595,Denmark
DK,2021,5840045,COMBA.1,6,0,0,0,0,0,2,0,8,8,1.3698524583286601e-06,9.195238020817352e-08,Denmark
DK,2021,5840045,COMBA.4-5,2,0,0,0,0,0,2,0,4,4,6.849262291643301e-07,4.597619010408676e-08,Denmark
DK,2021,5840045,JANSS,44,0,0,0,0,90267,0,0,90311,90311,0.015464093170514953,0.0010380389261225448,Denmark
DK,2021,5840045,MOD,601196,341,10,0,0,1128451,1324384,0,3054382,3054394,0.5230086412005387,0.03510734979919549,Denmark
DK,2022,5873420,AZ,216,20,4,0,0,24,47,0,311,461480,0.07857091779576465,0.005274132161120596,Denmark
DK,2022,5873420,COM,1308884,169863,4291,0,0,68324,232010,0,1783372,22235194,3.7857319926039685,0.25412011741387647,Denmark
DK,2022,5873420,COMBA.1,15271,1245401,23275,0,0,0,332,0,1284279,1284287,0.21866084836432606,0.014677774488188192,Denmark
DK,2022,5873420,COMBA.4-5,28176,2357750,44859,0,0,0,415,0,2431200,2431204,0.41393327907760724,0.027785583788344104,Denmark
DK,2022,5873420,JANSS,31,10,2,0,0,381,0,0,424,90735,0.015448409955358207,0.0010369861784677067,Denmark
DK,2022,5873420,MOD,439745,138026,2448,0,0,4857,23957,0,609033,3663427,0.6237297860531003,0.041868332670142894,Denmark
DK,2022,5873420,UNK,4,0,0,0,0,1,1,0,6,6,1.0215513278464676e-06,6.857240393239918e-08,Denmark
DK,2023,5873420,AZ,4,2,0,0,0,2,2,0,10,461490,0.07857262038131106,0.005274246448460484,Denmark
DK,2023,5873420,COM,896,1645,240,0,0,1639,1961,0,6381,22241575,3.786818412441133,0.25419304416545857,Denmark
DK,2023,5873420,COMBA.1,580,5374,128,0,0,0,26,0,6108,1290395,0.21970078761607376,0.014747581195391374,Denmark
DK,2023,5873420,COMBA.4-5,4713,29660,5489,0,0,0,175,0,40037,2471241,0.4207499208297721,0.028243156011051016,Denmark
DK,2023,5873420,JANSS,0,0,0,0,0,45,0,0,45,90780,0.015456071590317056,0.0010375004714971998,Denmark
DK,2023,5873420,MOD,100,395,32,0,0,4,10,0,541,3663968,0.6238218959311611,0.0418745156152308,Denmark
DK,2023,5873420,UNK,21,223,12887,0,0,16,10,0,13157,13163,0.002241113354740509,0.0001504364254936951,Denmark
EE,2020,1328976,COM,0,0,0,0,0,5037,151,0,5188,5188,0.003903757479442819,0.0002620426673016958,Estonia
EE,2021,1330068,AZ,5887,10,0,0,0,238487,235247,0,479631,479631,0.3606063750124054,0.024205975102667854,Estonia
EE,2021,1330068,COM,550084,16968,26,0,0,1082812,1071868,0,2721758,2726946,2.0502305145300843,0.13762327076923656,Estonia
EE,2021,1330068,JANSS,221,2,0,0,0,150717,0,0,150940,150940,0.11348291967027249,0.007617626637971035,Estonia
EE,2021,1330068,MOD,85757,2768,6,0,0,159636,157772,0,405939,405939,0.30520168893620475,0.020486893731226474,Estonia
EE,2022,1331796,AZ,6,2,1,0,0,24,24,0,57,479688,0.36018128902624724,0.024177440884998843,Estonia
EE,2022,1331796,COM,252554,113135,3467,0,0,19667,32093,0,420916,3147862,2.3636217558845347,0.15865989438788178,Estonia
EE,2022,1331796,COMBA.1,1838,14074,571,0,0,40,47,0,16570,16570,0.012441845447801315,0.0008351682665908483,Estonia
EE,2022,1331796,COMBA.4-5,5100,42008,1634,0,0,78,162,0,48982,48982,0.03677890607870875,0.0024688118306670447,Estonia
EE,2022,1331796,JANSS,152,22,0,0,0,7232,0,0,7406,158346,0.11889658776569384,0.007981023195026823,Estonia
EE,2022,1331796,MOD,60244,7242,140,0,0,1929,3148,0,72703,478642,0.359395883453622,0.02412471994312473,Estonia
EE,2022,1331796,MODBA.1,673,4618,156,0,0,16,30,0,5493,5493,0.004124505554904805,0.00027686054848422026,Estonia
EE,2022,1331796,MODBA.4-5,72,615,24,0,0,0,0,0,711,711,0.0005338655469756629,3.583612779397062e-05,Estonia
EE,2022,1331796,NVXD,2120,1400,48,0,0,371,375,0,4314,4314,0.0032392348377679463,0.0002174360834081424,Estonia
EE,2023,1331796,AZ,0,0,0,0,0,4,2,0,6,479694,0.3601857942207365,0.024177743299579384,Estonia
EE,2023,1331796,COM,479,2115,654,0,0,228,243,0,3719,3151581,2.3664142256021194,0.1588473410253864,Estonia
EE,2023,1331796,COMBA.1,157,709,207,0,0,28,38,0,1139,17709,0.013297081535009867,0.0008925766344633273,Estonia
EE,2023,1331796,COMBA.4-5,2348,11795,3148,0,0,198,233,0,17722,66704,0.050085748868445315,0.0033620436967215415,Estonia
EE,2023,1331796,JANSS,13,2,0,0,0,245,2,0,262,158608,0.11909331459172426,0.007994228631710397,Estonia
EE,2023,1331796,MOD,64,316,46,0,0,0,0,0,426,479068,0.3597157522623585,0.024146191378343063,Estonia
EE,2023,1331796,MODBA.1,8,94,6,0,0,2,2,0,112,5605,0.0042086025187040655,0.0002825056206542972,Estonia
EE,2023,1331796,MODBA.4-5,224,1008,112,0,0,6,14,0,1364,2075,0.0015580464275309432,0.00010458504243669344,Estonia
EE,2023,1331796,NVXD,4,14,2,0,0,4,2,0,26,4340,0.003258757347221346,0.0002187465465904817,Estonia
EL,2020,10718565,AZ,0,0,0,0,0,6,0,0,6,6,5.597764252957368e-07,3.757541505832469e-08,Greece
EL,2020,10718565,COM,0,0,0,0,0,15917,17,0,15934,15934,0.001486579593443712,9.978777725655762e-05,Greece
EL,2020,10718565,COMBA.1,0,0,0,0,0,0,0,0,0,0,0.0,0.0,Greece
EL,2020,10718565,COMBA.4-5,0,0,0,0,0,0,0,0,0,0,0.0,0.0,Greece
EL,2020,10718565,JANSS,0,0,0,0,0,0,0,0,0,0,0.0,0.0,Greece
EL,2020,10718565,MOD,0,0,0,0,0,51,0,0,51,51,4.758099615013764e-06,3.1939102799575994e-07,Greece
EL,2020,10718565,NVXD,0,0,0,0,0,0,0,0,0,0,0.0,0.0,Greece
EL,2021,10678632,AZ,1573,37,0,0,0,2366068,2311239,0,4678917,4678923,0.43815752804291785,0.02941165478421866,Greece
EL,2021,10678632,COM,10128715,867,138,15,0,16926915,15764537,0,42821187,42837121,4.011480215817906,0.26927363728828274,Greece
EL,2021,10678632,COMBA.1,0,0,0,0,0,0,0,0,0,0,0.0,0.0,Greece
EL,2021,10678632,COMBA.4-5,0,0,0,0,0,0,0,0,0,0,0.0,0.0,Greece
EL,2021,10678632,JANSS,298016,9,3,0,0,1717531,0,0,2015559,2015559,0.18874692938196577,0.01266978009794668,Greece
EL,2021,10678632,MOD,609573,120,18,3,0,1781582,1726057,0,4117353,4117404,0.3855741072451977,0.025881952974041476,Greece
EL,2021,10678632,NVXD,0,0,0,0,0,3,3,0,6,6,5.618697226386302e-07,3.7715929222453966e-08,Greece
EL,2022,10459782,AZ,180,36,0,0,0,42,196,0,454,4679377,0.4473685015615048,0.03002994833395022,Greece
EL,2022,10459782,COM,5888088,1587920,449,45,0,1094155,1818289,0,10388946,53226067,5.088640183896758,0.34157881316879846,Greece
EL,2022,10459782,COMBA.1,23162,128091,27816,0,0,15,2113,0,181197,181197,0.017323209986594368,0.0011628335456336982,Greece
EL,2022,10459782,COMBA.4-5,93324,1149180,482077,229,0,111,9069,0,1733990,1733990,0.16577687756781165,0.011127898032491578,Greece
EL,2022,10459782,JANSS,269952,85,9,0,0,86755,0,0,356801,2372360,0.22680778624258136,0.015224643842445297,Greece
EL,2022,10459782,MOD,639751,67227,69,6,0,21351,56916,0,785320,4902724,0.468721432243999,0.03146327992286532,Greece
EL,2022,10459782,NVXD,1145,6,0,0,0,16173,10773,0,28097,28103,0.002686767276794105,0.00018035128138403956,Greece
EL,2023,10459782,AZ,0,0,0,0,0,0,0,0,0,4679377,0.4473685015615048,0.03002994833395022,Greece
EL,2023,10459782,COM,0,81,48,6,0,1503,2465,0,4103,53230170,5.089032448286207,0.34160514421201515,Greece
EL,2023,10459782,COMBA.1,0,23,35,0,0,6,27,0,91,181288,0.017331909976708883,0.0011634175390367494,Greece
EL,2023,10459782,COMBA.4-5,302,166541,108501,2221,0,3735,5489,0,286789,2020779,0.19319513542442854,0.012968369285982212,Greece
EL,2023,10459782,JANSS,0,7,3,0,0,2141,0,0,2151,2374511,0.22701343106385966,0.015238447906291044,Greece
EL,2023,10459782,MOD,0,3,3,0,0,0,0,0,6,4902730,0.4687220058697208,0.03146331842792486,Greece
EL,2023,10459782,NVXD,0,0,0,0,0,18,110,0,128,28231,0.0026990046255266124,0.00018117272265426543,Greece
ES,2020,47332614,AZ,0,0,0,0,0,0,0,0,0,0,0.0,0.0,Spain
ES,2020,47332614,COM,0,0,0,0,0,286197,0,0,286197,286197,0.00604650738283755,0.00040587637188063593,Spain
ES,2020,47332614,COMBIV,0,0,0,0,0,0,0,0,0,0,0.0,0.0,Spain
ES,2020,47332614,JANSS,0,0,0,0,0,0,0,0,0,0,0.0,0.0,Spain
ES,2020,47332614,MOD,0,0,0,0,0,0,0,0,0,0,0.0,0.0,Spain
ES,2020,47332614,MODBIV,0,0,0,0,0,0,0,0,0,0,0.0,0.0,Spain
ES,2021,47398695,AZ,0,0,0,0,0,10615738,9649083,0,20264821,20264821,0.42753964006814954,0.028698921039699263,Spain
ES,2021,47398695,COM,16121615,4960,8,0,0,56792857,50807375,0,123726815,124013012,2.61638030329738,0.17562650266110308,Spain
ES,2021,47398695,COMBIV,0,0,0,0,0,0,0,0,0,0,0.0,0.0,Spain
ES,2021,47398695,JANSS,0,0,0,0,0,4014708,0,0,4014708,4014708,0.08470081296542024,0.005685606001131169,Spain
ES,2021,47398695,MOD,14048140,16538,16,0,0,10624848,8938063,0,33627605,33627605,0.7094626761348598,0.04762321762670374,Spain
ES,2021,47398695,MODBIV,0,0,0,0,0,0,0,0,0,0,0.0,0.0,Spain
ES,2022,47432893,AZ,0,0,0,0,0,19,72,0,91,20264912,0.42723331254536806,0.028678358573521412,Spain
ES,2022,47432893,COM,8824727,382933,2224,0,0,2599542,3442143,0,15251569,139264581,2.9360338826476386,0.1970834904444301,Spain
ES,2022,47432893,COMBIV,615686,15906740,109621,0,0,0,0,0,16632047,16632047,0.3506437399886193,0.02353722570705765,Spain
ES,2022,47432893,JANSS,0,0,0,0,0,388,0,0,388,4015096,0.08464792564940114,0.005682055900124882,Spain
ES,2022,47432893,MOD,15038540,178631,1014,0,0,337366,531290,0,16086841,49714446,1.048100650322973,0.07035454724264123,Spain
ES,2022,47432893,MODBIV,20907,476936,1647,0,0,0,0,0,499490,499490,0.010530456154129161,0.0007068648175668471,Spain
ES,2023,47432893,AZ,0,0,0,0,0,2,4,0,6,20264918,0.42723343903986627,0.02867836706456008,Spain
ES,2023,47432893,COM,6785,3818,114,0,0,19537,16525,0,46779,139311360,2.9370200970031495,0.19714969082742267,Spain
ES,2023,47432893,COMBIV,318218,2815091,42877,0,0,0,0,0,3176186,19808233,0.4176054157185816,0.02803207873203988,Spain
ES,2023,47432893,JANSS,0,0,0,0,0,2,0,0,2,4015098,0.0846479678142339,0.005682058730471106,Spain
ES,2023,47432893,MOD,25,114,4,0,0,3,12,0,158,49714604,1.0481039813447601,0.07035477083999288,Spain
ES,2023,47432893,MODBIV,9014,57326,1934,0,0,0,0,0,68274,567764,0.011969837049576547,0.0008034843465955742,Spain
FI,2020,5525292,AZ,0,0,0,0,0,6,0,0,6,6,1.0859154593096618e-06,7.289289483788948e-08,Finland
FI,2020,5525292,COM,0,0,0,0,0,34212,0,0,34212,34212,0.006191889948983692,0.0004156352863656458,Finland
FI,2020,5525292,COMBA.1,0,0,0,0,0,0,0,0,0,0,0.0,0.0,Finland
FI,2020,5525292,COMBA.4-5,0,0,0,0,0,0,0,0,0,0,0.0,0.0,Finland
FI,2020,5525292,JANSS,0,0,0,0,0,0,0,0,0,0,0.0,0.0,Finland
FI,2020,5525292,MOD,0,0,0,0,0,66,0,0,66,66,1.194507005240628e-05,8.018218432167842e-07,Finland
FI,2020,5525292,NVXD,0,0,0,0,0,0,0,0,0,0,0.0,0.0,Finland
FI,2020,5525292,UNK,0,0,0,0,0,18,0,0,18,18,3.2577463779289857e-06,2.1867868451366845e-07,Finland
FI,2020,5525292,VLA,0,0,0,0,0,0,0,0,0,0,0.0,0.0,Finland
FI,2021,5533793,AZ,1410,0,0,0,0,2168828,1150552,0,3320790,3320796,0.6000940042390455,0.04028176297596203,Finland
FI,2021,5533793,COM,6284620,3930,0,0,0,20604976,20597786,0,47491312,47525524,8.588236676001433,0.5764918691411322,Finland
FI,2021,5533793,COMBA.1,0,0,0,0,0,0,0,0,0,0,0.0,0.0,Finland
FI,2021,5533793,COMBA.4-5,0,0,0,0,0,0,0,0,0,0,0.0,0.0,Finland
FI,2021,5533793,JANSS,0,0,0,0,0,0,0,0,0,0,0.0,0.0,Finland
FI,2021,5533793,MOD,1391212,1500,0,0,0,3292990,3086372,0,7772074,7772140,1.4044869405125924,0.09427724596632661,Finland
FI,2021,5533793,NVXD,0,0,0,0,0,0,0,0,0,0,0.0,0.0,Finland
FI,2021,5533793,UNK,522,0,0,0,0,7752,3120,0,11394,11412,0.002062238323695881,0.00013842930402279416,Finland
FI,2021,5533793,VLA,0,0,0,0,0,0,0,0,0,0,0.0,0.0,Finland
FI,2022,5548241,AZ,42,12,12,0,0,12,6,0,84,3320880,0.5985464582378451,0.04017788278256834,Finland
FI,2022,5548241,COM,7075806,4730452,82878,0,0,1009742,1124936,0,14023814,61549338,11.093486746520204,0.7446586710476377,Finland
FI,2022,5548241,COMBA.1,0,0,0,0,0,0,0,0,0,0,0.0,0.0,Finland
FI,2022,5548241,COMBA.4-5,0,0,0,0,0,0,0,0,0,0,0.0,0.0,Finland
FI,2022,5548241,JANSS,0,0,0,0,0,0,0,0,0,0,0.0,0.0,Finland
FI,2022,5548241,MOD,3532034,906214,8478,0,0,45266,122414,0,4614406,12386546,2.2325176573980836,0.14985943282168906,Finland
FI,2022,5548241,NVXD,0,0,0,0,0,0,0,0,0,0,0.0,0.0,Finland
FI,2022,5548241,UNK,167732,1648984,2761174,0,0,15666,20384,0,4613940,4625352,0.833660974712526,0.05596012216163126,Finland
FI,2022,5548241,VLA,0,0,0,0,0,0,0,0,0,0,0.0,0.0,Finland
FI,2023,5548241,AZ,0,0,0,0,0,0,0,0,0,3320880,0.5985464582378451,0.04017788278256834,Finland
FI,2023,5548241,COM,240,456,474,0,0,1454,2388,0,5012,61554350,11.094390095888048,0.7447193090557881,Finland
FI,2023,5548241,COMBA.1,0,0,0,0,0,0,0,0,0,0,0.0,0.0,Finland
FI,2023,5548241,COMBA.4-5,0,0,0,0,0,0,0,0,0,0,0.0,0.0,Finland
FI,2023,5548241,JANSS,0,0,0,0,0,0,0,0,0,0,0.0,0.0,Finland
FI,2023,5548241,MOD,0,12,6,0,0,6,0,0,24,12386570,2.2325219830933802,0.1498597231872508,Finland
FI,2023,5548241,NVXD,0,0,0,0,0,0,0,0,0,0,0.0,0.0,Finland
FI,2023,5548241,UNK,45776,286884,418664,0,0,6876,9078,0,767278,5392630,0.9719530928811492,0.06524308497439278,Finland
FI,2023,5548241,VLA,0,0,0,0,0,0,0,0,0,0,0.0,0.0,Finland
FR,2020,67320216,AZ,0,0,0,0,0,0,0,0,0,0,0.0,0.0,France
FR,2020,67320216,COM,0,0,0,0,0,4529,8,0,4537,4537,6.739431733255283e-05,4.523894419107121e-06,France
FR,2020,67320216,COMBA.4-5,0,0,0,0,0,0,0,0,0,0,0.0,0.0,France
FR,2020,67320216,JANSS,0,0,0,0,0,0,0,0,0,0,0.0,0.0,France
FR,2020,67320216,MOD,0,0,0,0,0,0,0,0,0,0,0.0,0.0,France
FR,2020,67320216,MODBA.1,0,0,0,0,0,0,0,0,0,0,0.0,0.0,France
FR,2020,67320216,MODBA.4-5,0,0,0,0,0,0,0,0,0,0,0.0,0.0,France
FR,2020,67320216,NVXD,0,0,0,0,0,0,0,0,0,0,0.0,0.0,France
FR,2020,67320216,SGSK,0,0,0,0,0,0,0,0,0,0,0.0,0.0,France
FR,2020,67320216,UNK,0,0,0,0,0,13833,24,0,13857,13857,0.00020583712922133226,1.3816972661575353e-05,France
FR,2021,67656682,AZ,2686,23,0,0,0,4415394,3432571,0,7850674,7850674,0.11603693482929003,0.0077890668332501346,France
FR,2021,67656682,COM,18149259,13548,11,0,0,37861464,35778383,0,91802665,91807202,1.356956907818802,0.09108675664684274,France
FR,2021,67656682,COMBA.4-5,0,0,0,0,0,0,0,0,0,0,0.0,0.0,France
FR,2021,67656682,JANSS,2683,164,0,0,0,1076799,5632,0,1085278,1085278,0.0160409580830464,0.0010767614187846852,France
FR,2021,67656682,MOD,6123405,7253,2,0,0,5721357,5839988,0,17692005,17692005,0.26149678756046596,0.017553169238615125,France
FR,2021,67656682,MODBA.1,0,0,0,0,0,0,0,0,0,0,0.0,0.0,France
FR,2021,67656682,MODBA.4-5,0,0,0,0,0,0,0,0,0,0,0.0,0.0,France
FR,2021,67656682,NVXD,0,0,0,0,0,0,0,0,0,0,0.0,0.0,France
FR,2021,67656682,SGSK,0,0,0,0,0,0,0,0,0,0,0.0,0.0,France
FR,2021,67656682,UNK,73185612,63603,39,0,0,159700665,145767499,0,378717418,378731275,5.597839914762595,0.37575922943903106,France
FR,2022,67871925,AZ,161,25,1,0,0,76,8737,0,9000,7859674,0.11580154828377123,0.007773266333716162,France
FR,2022,67871925,COM,9872572,6147453,98206,0,0,706144,2093830,0,18918205,110725407,1.6313874551222762,0.10950811427040356,France
FR,2022,67871925,COMBA.4-5,161681,2630465,1152713,0,0,19452,23824,0,3988135,3988135,0.05875971544935553,0.003944290250437245,France
FR,2022,67871925,JANSS,1622,414,15,0,0,2152,1269,0,5472,1090750,0.016070709649092758,0.001078758515111556,France
FR,2022,67871925,MOD,5656161,429016,6233,0,0,213519,824817,0,7129746,24821751,0.36571455723408464,0.02454886568987282,France
FR,2022,67871925,MODBA.1,8663,138383,42968,0,0,1108,1385,0,192507,192507,0.002836327391627687,0.0001903906169778412,France
FR,2022,67871925,MODBA.4-5,0,0,0,0,0,0,0,0,0,0,0.0,0.0,France
FR,2022,67871925,NVXD,2516,3080,620,0,0,18212,13449,0,37877,37877,0.000558065798192699,3.7460587922879126e-05,France
FR,2022,67871925,SGSK,35,204,55,0,0,4,3,0,301,301,4.4348233824221136e-06,2.976908668792834e-07,France
FR,2022,67871925,UNK,49598672,28098207,3902964,0,0,4218951,10453113,0,96271907,475003182,6.998522319795703,0.4697810930896944,France
FR,2023,67871925,AZ,0,0,0,0,0,1,0,0,1,7859675,0.11580156301740374,0.007773267322722365,France
FR,2023,67871925,COM,9798,8031,6847,0,0,7921,7624,0,40221,110765628,1.6319800565550484,0.10954789308886455,France
FR,2023,67871925,COMBA.4-5,81401,798241,1002111,0,0,18197,25273,0,1925223,5913358,0.08712524361140486,0.005848347738164603,France
FR,2023,67871925,JANSS,22,9,5,0,0,100,21,0,157,1090907,0.01607302282939522,0.0010789137890853105,France
FR,2023,67871925,MOD,163,307,158,0,0,35,73,0,736,24822487,0.36572540118760444,0.024549593598437683,France
FR,2023,67871925,MODBA.1,1693,18080,18019,0,0,454,649,0,38895,231402,0.0034093920277051227,0.00022885801321461774,France
FR,2023,67871925,MODBA.4-5,1548,7481,14784,0,0,432,588,0,24833,24833,0.0003658802958660742,2.4559991020642007e-05,France
FR,2023,67871925,NVXD,571,649,439,0,0,903,1020,0,3582,41459,0.0006108416698067721,4.100320813936283e-05,France
FR,2023,67871925,SGSK,510,3379,2160,0,0,294,237,0,6580,6881,0.00010138212523071947,6.805351677728734e-06,France
FR,2023,67871925,UNK,342162,2528607,3134448,0,0,99528,130371,0,6235116,481238298,7.09038822753296,0.4759476614854848,France
HR,2020,4058165,COM,2,0,0,0,0,28894,0,62,28958,28958,0.007135737457693317,0.00047899176278887683,Croatia
HR,2020,4058165,MOD,0,0,0,0,0,11,0,0,11,11,2.710584710084484e-06,1.8195004457067634e-07,Croatia
HR,2020,4058165,UNK,0,0,0,0,0,424,60,4,488,488,0.00012025139441102074,8.071965613680914e-06,Croatia
HR,2021,4036355,AZ,403,0,0,0,0,579345,561719,418,1141885,1141885,0.2829000422410814,0.018989878863887873,Croatia
HR,2021,4036355,COM,921897,316,0,0,0,3199682,3031403,1682,7154980,7183938,1.7798082676077798,0.11947097333416316,Croatia
HR,2021,4036355,JANSS,1160,0,0,0,0,382185,501,122,383968,383968,0.09512741074558606,0.006385499246955077,Croatia
HR,2021,4036355,MOD,154948,46,0,0,0,394238,372417,220,921869,921880,0.22839418237493977,0.015331131880216441,Croatia
HR,2021,4036355,UNK,294,0,0,0,0,17642,17199,60,35195,35683,0.008840401798157,0.0005934186432960507,Croatia
HR,2022,3862305,AZ,110,8,0,0,0,82,512,0,712,1142597,0.29583292878216505,0.01985800863449531,Croatia
HR,2022,3862305,COM,817903,125784,0,0,0,67198,145654,177,1156716,8340654,2.1595016447432296,0.1449581778609062,Croatia
HR,2022,3862305,JANSS,5605,14,0,0,0,23186,1088,0,29893,413861,0.10715388867528587,0.007192785655380562,Croatia
HR,2022,3862305,MOD,106775,12197,0,0,0,4768,14494,46,138280,1060160,0.27448893860013646,0.018425277183422108,Croatia
HR,2022,3862305,NVXD,59,0,0,0,0,1497,1247,0,2803,2803,0.0007257324317991458,4.871533725582191e-05,Croatia
HR,2022,3862305,UNK,94,0,0,0,0,40,141,0,275,35958,0.009309984581745874,0.000624939742078075,Croatia
HR,2023,3862305,AZ,8,2,0,0,0,6,6,0,22,1142619,0.2958386248626144,0.019858390988194783,Croatia
HR,2023,3862305,COM,11010,8308,0,0,0,754,890,2,20964,8361618,2.164929491585983,0.14532252617707853,Croatia
HR,2023,3862305,JANSS,87,4,0,0,0,799,10,0,900,414761,0.10738691014821461,0.007208427397631807,Croatia
HR,2023,3862305,MOD,1401,1091,0,0,0,8,28,0,2528,1062688,0.2751434700263185,0.018469213099434494,Croatia
HR,2023,3862305,NVXD,0,0,0,0,0,2,2,0,4,2807,0.0007267680827899402,4.878485611027189e-05,Croatia
HR,2023,3862305,UNK,3021,0,0,0,0,122,2,0,3145,39103,0.010124265173257938,0.0006795989413893701,Croatia
HU,2020,9769526,COM,0,0,0,0,0,35517,0,0,35517,35517,0.003635488559015043,0.00024403491353286425,Hungary
HU,2021,9730772,AZ,10165,0,0,0,0,1282650,1223704,0,2516519,2516519,0.2586145271927037,0.017359695335944773,Hungary
HU,2021,9730772,BECNBG,141925,0,0,0,0,2235358,2124247,0,4501530,4501530,0.46260769443575495,0.031052890657934817,Hungary
HU,2021,9730772,COM,5514811,0,0,0,0,5801147,5561782,0,16877740,16913257,1.7381207780842054,0.11667266913483874,Hungary
HU,2021,9730772,JANSS,195276,0,0,0,0,427905,224,0,623405,623405,0.06406531773635227,0.004300432808536177,Hungary
HU,2021,9730772,MOD,547654,0,0,0,0,736883,705421,0,1989958,1989958,0.2045015544501505,0.013727321196989169,Hungary
HU,2021,9730772,SPU,1811,0,0,0,0,1828643,1791564,0,3622018,3622018,0.37222308774678925,0.024985755713073498,Hungary
HU,2022,9689010,AZ,1109,136,0,0,0,184,379,0,1808,2518327,0.2599158221531405,0.017447045742360844,Hungary
HU,2022,9689010,BECNBG,71895,9577,144,0,0,29389,45207,0,156212,4657742,0.4807242432405375,0.03226897767053893,Hungary
HU,2022,9689010,COM,1143842,637930,3606,0,0,167901,242910,0,2196189,19109446,1.9722805529151068,0.13239082076043915,Hungary
HU,2022,9689010,COMBA.1,9340,125302,16697,0,0,1472,800,0,153611,153611,0.01585414815342331,0.0010642216612575697,Hungary
HU,2022,9689010,JANSS,36561,5285,28,0,0,32489,469,0,74832,698237,0.0720648446022865,0.004837407087327741,Hungary
HU,2022,9689010,MOD,125260,54846,40,0,0,8659,11656,0,200461,2190419,0.22607252959796717,0.01517528918521554,Hungary
HU,2023,9689010,BECNBG,165,446,38,0,0,250,266,0,1165,4658907,0.48084448256323403,0.032277048825829664,Hungary
HU,2023,9689010,COM,452,2260,538,2,0,908,866,0,5026,19114472,1.9727992849630664,0.13242564104068916,Hungary
HU,2023,9689010,COMBA.1,1980,20541,4636,70,4,619,396,0,28246,181857,0.018769409877789373,0.001259910804898854,Hungary
HU,2023,9689010,JANSS,430,194,12,0,0,1085,71,0,1792,700029,0.07224979641882917,0.004849822117611859,Hungary
HU,2023,9689010,MOD,2,0,4,0,0,1,6,0,13,2190432,0.22607387132431486,0.015175379249609343,Hungary
IE,2020,4964440,AZ,0,0,0,0,0,61,14,0,75,75,1.5107444142743189e-05,1.0140985909403477e-06,Ireland
IE,2020,4964440,COM,0,0,0,0,0,12300,56,0,12356,12356,0.002488901064369798,0.00016706936252878585,Ireland
IE,2020,4964440,COMBA.1,2,0,0,0,0,0,0,0,2,2,4.028651771398184e-07,2.704262909174261e-08,Ireland
IE,2020,4964440,JANSS,0,0,0,0,0,10,0,0,10,10,2.014325885699092e-06,1.3521314545871305e-07,Ireland
IE,2020,4964440,MOD,0,0,0,0,0,40,6,2,48,48,9.668764251355641e-06,6.490230982018226e-07,Ireland
IE,2021,5006324,AZ,108,2,0,0,0,1357298,1340803,7,2698218,2698293,0.5389769020143322,0.03617923135891084,Ireland
IE,2021,5006324,COM,3639449,403,8,0,0,5759244,5685998,251715,15336817,15349173,3.0659567778673535,0.20580466284978968,Ireland
IE,2021,5006324,COMBA.1,62,5,0,0,0,0,0,2,69,71,1.4182062527315452e-05,9.519816515414263e-07,Ireland
IE,2021,5006324,COMBA.4-5,58,2,0,0,0,0,0,0,60,60,1.1984841572379254e-05,8.044915365138813e-07,Ireland
IE,2021,5006324,JANSS,429,0,0,0,0,487489,9,24,487951,487961,0.09746892130832922,0.006542674910814167,Ireland
IE,2021,5006324,MOD,974715,58,0,0,0,591339,586902,3755,2156769,2156817,0.4308185007602385,0.028919017038487666,Ireland
IE,2021,5006324,MODBA.1,39,0,0,0,0,0,0,0,39,39,7.790147022046516e-06,5.229194987340229e-07,Ireland
IE,2021,5006324,MODBA.4-5,2,2,0,0,0,0,0,0,4,4,7.98989438158617e-07,5.363276910092542e-08,Ireland
IE,2021,5006324,NVXD,0,0,0,0,0,25,17,0,42,42,8.389389100665478e-06,5.631440755597169e-07,Ireland
IE,2022,5060004,AZ,731,51,0,0,0,157,246,2,1187,2699480,0.5334936494121348,0.035811163889316426,Ireland
IE,2022,5060004,COM,1353528,747304,15692,98,0,339311,352505,20912,2829350,18178523,3.59259063826827,0.2411553582240684,Ireland
IE,2022,5060004,COMBA.1,44263,555030,508740,521,0,0,2,0,1108556,1108627,0.21909607186081276,0.014706989193889639,Ireland
IE,2022,5060004,COMBA.4-5,14292,201642,118344,181,0,0,0,0,334459,334519,0.06611042204709719,0.004437711979007157,Ireland
IE,2022,5060004,JANSS,419,67,2,0,0,180,4,4,676,488637,0.09656850073636306,0.006482233500297802,Ireland
IE,2022,5060004,MOD,341099,696946,4462,20,0,1750,1385,2279,1047941,3204758,0.6333508827265749,0.04251415604620073,Ireland
IE,2022,5060004,MODBA.1,5095,111257,73294,62,0,0,0,0,189708,189747,0.03749937747084785,0.002517174016664737,Ireland
IE,2022,5060004,MODBA.4-5,6,36,17,2,0,0,0,0,61,65,1.2845839647557591e-05,8.62286682177889e-07,Ireland
IE,2022,5060004,NVXD,259,370,98,0,0,434,387,9,1557,1599,0.00031600765532991673,2.121225238157607e-05,Ireland
IE,2023,5060004,AZ,12,0,0,0,0,6,4,0,22,2699502,0.5334979972347847,0.03581145574019347,Ireland
IE,2023,5060004,COM,417,464,576,958,0,6218,5210,924,14767,18193290,3.595509015407893,0.24135125649231026,Ireland
IE,2023,5060004,COMBA.1,740,8027,4089,201,0,0,0,0,13057,1121684,0.22167650460355368,0.014880202689415742,Ireland
IE,2023,5060004,COMBA.4-5,28968,301950,205533,202981,0,0,0,0,739432,1073951,0.21224311285129419,0.01424697914787117,Ireland
IE,2023,5060004,JANSS,3,12,2,2,0,4,0,0,23,488660,0.09657304618731527,0.006482538617123804,Ireland
IE,2023,5060004,MOD,12,47,290,862,0,0,3,42,1256,3206014,0.6335991038742261,0.04253081807809019,Ireland
IE,2023,5060004,MODBA.1,290,3174,2190,404,0,0,0,0,6058,195805,0.03869660972600022,0.0025975391354437164,Ireland
IE,2023,5060004,MODBA.4-5,1394,11278,57017,170712,0,0,0,0,240401,240466,0.047522887333685905,0.0031900096817936655,Ireland
IE,2023,5060004,NVXD,38,175,128,71,0,32,51,0,495,2094,0.00041383366495362456,2.777889711508461e-05,Ireland
IS,2020,364134,COM,0,0,0,0,0,14834,0,0,14834,14834,0.04073775038859321,0.0027345522430407996,Iceland
IS,2021,368792,AZ,16,0,0,0,0,129240,117790,0,247046,247046,0.6698789561595696,0.04496613054619972,Iceland
IS,2021,368792,COM,322111,0,0,0,0,285364,305010,0,912485,927319,2.514476995162585,0.1687861661875577,Iceland
IS,2021,368792,JANSS,74,0,0,0,0,109239,48,0,109361,109361,0.29653842816547,0.019905365813099374,Iceland
IS,2021,368792,MOD,103334,0,0,0,0,44643,44266,0,192243,192243,0.5212775765200981,0.03499115077594081,Iceland
IS,2021,368792,UNK,0,0,0,0,0,0,0,0,0,0,0.0,0.0,Iceland
IS,2022,376248,COM,92485,60922,6,0,0,22739,17554,6,193712,1121031,2.9795002232570007,0.20000120136553654,Iceland
IS,2022,376248,COMBA.1,2178,62184,1402,0,0,0,0,25,65789,65789,0.1748554145138313,0.011737301677328534,Iceland
IS,2022,376248,COMBA.4-5,191,3468,4701,0,0,0,0,38,8398,8398,0.022320384427292637,0.001498272651753409,Iceland
IS,2022,376248,JANSS,18,7,0,0,0,136,56,0,217,109578,0.2912387574153218,0.01954962141388843,Iceland
IS,2022,376248,MOD,13143,16,0,0,0,22,36,0,13217,205460,0.5460759924305245,0.03665576316137835,Iceland
IS,2022,376248,MODBA.1,0,0,0,0,0,0,0,0,0,0,0.0,0.0,Iceland
IS,2022,376248,MODBA.4-5,0,0,0,0,0,0,0,0,0,0,0.0,0.0,Iceland
IS,2022,376248,NVXD,0,2,0,0,0,7,4,0,13,13,3.455167868001956e-05,2.3193075104541934e-06,Iceland
IS,2023,376248,COM,37,45,159,12,0,82,111,0,446,1121477,2.980685611617869,0.20008077145397213,Iceland
IS,2023,376248,COMBA.1,32,473,896,8,0,0,0,4,1413,67202,0.17861091620420574,0.011989392562887901,Iceland
IS,2023,376248,COMBA.4-5,995,9459,31857,581,0,0,0,178,43070,51468,0.13679275371563437,0.009182316842158188,Iceland
IS,2023,376248,JANSS,0,0,0,0,0,12,0,0,12,109590,0.2912706512725649,0.019551762313128853,Iceland
IS,2023,376248,MOD,0,0,0,0,0,0,0,0,0,205460,0.5460759924305245,0.03665576316137835,Iceland
IS,2023,376248,MODBA.4-5,0,0,0,0,0,0,0,0,0,0,0.0,0.0,Iceland
IS,2023,376248,NVXD,0,0,0,0,0,0,1,0,1,14,3.7209500116944144e-05,2.4977157804891313e-06,Iceland
IT,2020,59641488,COM,0,0,0,0,0,373497,45,120178,493720,493720,0.00827813014993858,0.0005556757345156863,Italy
IT,2021,59236213,AZ,950,0,0,0,0,19306584,16556492,249309,36113335,36113335,0.6096496242931667,0.04092319118452506,Italy
IT,2021,59236213,COM,25793642,0,0,0,0,102809071,89500207,5569253,223672173,224165893,3.78427116871904,0.254022058507994,Italy
IT,2021,59236213,JANSS,243,0,0,0,0,4431709,3099,37821,4472872,4472872,0.07550908090630304,0.005068604048889668,Italy
IT,2021,59236213,MOD,27553205,0,0,0,0,20254199,16317512,667377,64792293,64792293,1.0937953275304753,0.07342183693981086,Italy
IT,2022,59030133,AZ,3,0,0,0,0,8,3,0,14,36113349,0.6117782082584838,0.04106607398981831,Italy
IT,2022,59030133,COM,34414359,8915082,3380,0,0,3141345,6500031,255140,53229337,277395230,4.699214043783368,0.3154382895810264,Italy
IT,2022,59030133,COMBA.1,244302,2577360,293052,0,0,4228,3643,51500,3174085,3174085,0.05377058865850768,0.0036093913488879823,Italy
IT,2022,59030133,COMBA.4-5,530578,6077048,706322,0,0,8307,6791,155506,7484552,7484552,0.12679205720237832,0.008511012540339105,Italy
IT,2022,59030133,JANSS,699,27,0,0,0,0,13479,44,14249,4487121,0.07601407572637521,0.005102502207349076,Italy
IT,2022,59030133,MOD,36233804,1218764,58,0,0,1538733,4052451,89057,43132867,107925160,1.828306231327651,0.12272643575435167,Italy
IT,2022,59030133,MODBA.1,8324,109312,6960,0,0,124,169,1458,126347,126347,0.0021403814218070626,0.0001436747184646756,Italy
IT,2022,59030133,MODBA.4-5,3700,45352,14871,0,0,14,48,854,64839,64839,0.0010984051145539516,7.373127237315569e-05,Italy
IT,2022,59030133,NVXD,1669,193,3,0,0,217040,103698,552,323155,323155,0.005474407452207502,0.0003674737322251596,Italy
IT,2023,59030133,COM,2396,6412,2295,0,0,12057,13450,1033,37643,277432873,4.699851735045218,0.31548109508829736,Italy
IT,2023,59030133,COMBA.1,20906,211685,87290,0,0,1175,614,4903,326573,3500658,0.05930289874156306,0.003980751838912791,Italy
IT,2023,59030133,COMBA.4-5,115178,1055889,362840,0,0,2796,2868,34435,1574006,9058558,0.15345650669633423,0.010300883838523551,Italy
IT,2023,59030133,JANSS,6,0,0,0,0,0,27,0,33,4487154,0.07601463476289305,0.005102539733097288,Italy
IT,2023,59030133,MOD,81,1012,518,0,0,18,21,244,1894,107927054,1.8283383166356748,0.12272858950487026,Italy
IT,2023,59030133,MODBA.1,2741,50416,24432,0,0,76,60,1869,79594,205941,0.0034887436218380198,0.00023418454886411043,Italy
IT,2023,59030133,MODBA.4-5,11727,119160,57610,0,0,87,226,6208,195018,259857,0.004402107648986663,0.0002954947985791132,Italy
IT,2023,59030133,NVXD,111,33,39,0,0,418,402,48,1051,324206,0.005492211918275705,0.00036866887044851573,Italy
IT,2023,59030133,SGSK,37,495,76,0,0,0,0,65,673,673,1.1400956863844436e-05,7.652978347465842e-07,Italy
LI,2021,39055,COM,10389,0,0,0,0,14568,14214,0,39171,39171,1.0029701702726923,0.06732512970549712,Liechtenstein
LI,2021,39055,JANSS,0,0,0,0,0,452,0,0,452,452,0.011573422097042632,0.00077687469369903,Liechtenstein
LI,2021,39055,MOD,13950,0,0,0,0,35944,35149,0,85043,85043,2.1775188836256563,0.1461675986200146,Liechtenstein
LI,2022,39308,COM,4734,548,0,0,0,650,899,0,6831,46002,1.1702961229266307,0.07855701057236221,Liechtenstein
LI,2022,39308,COMBA.1,0,1322,128,0,0,0,0,0,1450,1450,0.03688816525898036,0.002476145935609869,Liechtenstein
LI,2022,39308,JANSS,60,0,0,0,0,16,0,0,76,528,0.013432380177063193,0.0009016586579324214,Liechtenstein
LI,2022,39308,MOD,8010,482,0,0,0,144,519,0,9155,94198,2.3964078559071944,0.16086068609832996,Liechtenstein
LI,2022,39308,MODBA.1,0,3808,62,0,0,0,0,0,3870,3870,0.09845324107051999,0.006608748117800134,Liechtenstein
LI,2022,39308,NVXD,0,0,0,0,0,0,2,0,2,2,5.0880227943421185e-05,3.4153737042894746e-06,Liechtenstein
LI,2023,39308,COM,8,58,2,0,0,8,9,0,85,46087,1.172458532614226,0.07870216395479451,Liechtenstein
LI,2023,39308,COMBA.1,0,93,4,2,0,0,0,0,99,1549,0.03940673654217971,0.0026452069339721984,Liechtenstein
LI,2023,39308,MOD,0,0,0,0,0,0,0,0,0,94198,2.3964078559071944,0.16086068609832996,Liechtenstein
LI,2023,39308,MODBA.1,4,160,8,0,0,0,0,0,172,4042,0.10282894067365422,0.006902470256369029,Liechtenstein
LT,2020,2794090,COM,0,0,0,0,0,29250,0,0,29250,29250,0.010468524635927977,0.000702707617662667,Lithuania
LT,2021,2795680,AZ,27,0,0,0,0,820892,788313,51,1609283,1609283,0.5756320465861615,0.03863973560501538,Lithuania
LT,2021,2795680,COM,1781275,0,0,0,0,3673011,3509452,0,8963738,8992988,3.2167444056544383,0.2159263961771025,Lithuania
LT,2021,2795680,JANSS,37467,0,0,0,0,807816,0,147,845430,845430,0.30240585474732445,0.02029922125104668,Lithuania
LT,2021,2795680,MOD,77856,0,0,0,0,420485,401845,12702,912888,912888,0.32653522577691296,0.021918923493873532,Lithuania
LT,2021,2795680,UNK,0,0,0,0,0,0,0,0,0,0,0.0,0.0,Lithuania
LT,2022,2805998,AZ,12,6,0,0,0,33,165,0,216,1609499,0.5735923546631181,0.03850281974515404,Lithuania
LT,2022,2805998,COM,715389,85034,0,0,0,97041,187395,0,1084859,10077847,3.591537485058792,0.24108466451997887,Lithuania
LT,2022,2805998,JANSS,27600,405,0,0,0,14219,0,0,42224,887654,0.31634163673673327,0.021234671135592485,Lithuania
LT,2022,2805998,MOD,62171,295,0,0,0,3929,9309,0,75704,988592,0.3523138647996185,0.023649334095579636,Lithuania
LT,2022,2805998,UNK,1443,13194,0,0,0,296,318,0,15251,15251,0.005435142861826702,0.0003648380669595597,Lithuania
LT,2023,2805998,AZ,0,0,0,0,0,0,0,0,0,1609499,0.5735923546631181,0.03850281974515404,Lithuania
LT,2023,2805998,COM,3185,11535,0,0,0,2219,2211,0,19150,10096997,3.598362151362902,0.2415427753967919,Lithuania
LT,2023,2805998,JANSS,3,72,0,0,0,78,0,0,153,887807,0.3163961627912778,0.021238331238159186,Lithuania
LT,2023,2805998,MOD,10,23,0,0,0,25,29,0,87,988679,0.35234486981102625,0.023651415330372468,Lithuania
LT,2023,2805998,UNK,3,6,0,0,0,2,0,0,11,15262,0.005439063035682848,0.00036510121158853847,Lithuania
LU,2020,626108,COM,2,0,0,0,0,2593,0,0,2595,2595,0.004144652360295668,0.0002782129180025704,Luxembourg
LU,2021,634730,AZ,31,0,0,0,0,112296,103896,0,216223,216223,0.34065350621524115,0.02286662372454998,Luxembourg
LU,2021,634730,COM,188041,51,0,0,0,609828,594880,0,1392800,1395395,2.1984071967608276,0.14756974240537973,Luxembourg
LU,2021,634730,JANSS,99,0,0,0,0,82201,24,0,82324,82324,0.12969924219746978,0.008706159527431645,Luxembourg
LU,2021,634730,MOD,230425,32,0,0,0,83657,74546,0,388660,388660,0.6123233500858632,0.041102667046445544,Luxembourg
LU,2022,645397,AZ,0,0,0,0,0,0,0,0,0,216223,0.33502324925588434,0.022488688476524694,Luxembourg
LU,2022,645397,COM,102832,37212,121,0,0,18131,32929,0,191225,1586620,2.458362837137452,0.16501946097604608,Luxembourg
LU,2022,645397,COMBA.1,370,6826,259,0,0,37,22,0,7514,7514,0.011642446432195997,0.0007815080042946705,Luxembourg
LU,2022,645397,COMBA.4-5,2527,35228,1231,0,0,75,55,0,39116,39116,0.060607656992517786,0.004068334721318916,Luxembourg
LU,2022,645397,JANSS,196,8,0,0,0,1008,20,0,1232,83556,0.12946450014487207,0.008690402289971453,Luxembourg
LU,2022,645397,MOD,209387,77608,502,0,0,4765,13825,0,306087,694747,1.0764645636716625,0.07225849633480297,Luxembourg
LU,2022,645397,MODBA.1,0,0,0,0,0,0,0,0,0,0,0.0,0.0,Luxembourg
LU,2022,645397,MODBA.4-5,0,0,0,0,0,0,0,0,0,0,0.0,0.0,Luxembourg
LU,2022,645397,NVXD,194,22,0,0,0,430,374,0,1020,1020,0.0015804225926057914,0.00010608705940651637,Luxembourg
LU,2023,645397,AZ,0,0,0,0,0,0,0,0,0,216223,0.33502324925588434,0.022488688476524694,Luxembourg
LU,2023,645397,COM,9,8,2,0,0,61,108,0,188,1586808,2.458654130713344,0.1650390142771916,Luxembourg
LU,2023,645397,COMBA.1,37,245,88,0,0,6,4,0,380,7894,0.01223123131963737,0.0008210306342696473,Luxembourg
LU,2023,645397,COMBA.4-5,767,4897,534,0,0,68,68,0,6334,45450,0.07042177140581689,0.004727114558849186,Luxembourg
LU,2023,645397,COMXBB,0,0,0,0,0,0,0,0,0,0,0.0,0.0,Luxembourg
LU,2023,645397,JANSS,0,0,0,0,0,6,0,0,6,83562,0.129473796748358,0.008691026331497374,Luxembourg
LU,2023,645397,MOD,26,548,95,0,0,2,8,0,679,695426,1.0775166292994853,0.07232911703415298,Luxembourg
LU,2023,645397,MODBA.1,0,0,0,0,0,0,0,0,0,0,0.0,0.0,Luxembourg
LU,2023,645397,MODBA.4-5,0,0,0,0,0,0,0,0,0,0,0.0,0.0,Luxembourg
LU,2023,645397,NVXD,0,0,0,0,0,4,4,0,8,1028,0.0015928180639203466,0.00010691911477441061,Luxembourg
LV,2020,1907675,COM,0,0,0,0,0,6418,0,0,6418,6418,0.003364304716474242,0.00022583149341705901,Latvia
LV,2020,1907675,MOD,0,0,0,0,0,0,2,0,2,2,1.0483966084369718e-06,7.037441365442787e-08,Latvia
LV,2021,1893223,AZ,1445,0,0,0,0,276810,271813,0,550068,550068,0.2905458046939003,0.019503106439433312,Latvia
LV,2021,1893223,COM,188931,98,0,0,0,1406823,1340943,0,2936795,2943213,1.5546045024806903,0.10435400061978489,Latvia
LV,2021,1893223,JANSS,3367,14,0,0,0,569687,3038,0,576106,576106,0.304299070949381,0.020426304817579222,Latvia
LV,2021,1893223,MOD,347446,199,0,0,0,420767,392964,0,1161376,1161378,0.6134396212173632,0.04117759758869118,Latvia
LV,2022,1875757,AZ,173,0,0,0,0,0,8,0,181,550249,0.29334769908895447,0.01969118571552668,Latvia
LV,2022,1875757,COM,297808,2297,10,0,0,41369,52057,0,393541,3336754,1.7788839385911928,0.1194089270512559,Latvia
LV,2022,1875757,COMBA.1,11810,45839,147,0,0,1340,1177,0,60313,60313,0.03215395171122912,0.00215835827790793,Latvia
LV,2022,1875757,COMBA.4-5,4259,17130,90,0,0,385,435,2,22301,22301,0.011889066654156162,0.0007980625728387702,Latvia
LV,2022,1875757,JANSS,6521,89,0,0,0,14075,238,0,20923,597029,0.3182869636098919,0.02136525267025506,Latvia
LV,2022,1875757,MOD,265901,1756,14,0,0,12473,25671,0,305815,1467193,0.7821871383126919,0.05250490204165884,Latvia
LV,2022,1875757,MODBA.1,8810,60233,229,0,0,607,715,0,70594,70594,0.03763493885402,0.002526273676829745,Latvia
LV,2022,1875757,NVXD,832,192,2,0,0,262,198,0,1486,1486,0.0007922134903401666,5.317792848923423e-05,Latvia
LV,2022,1875757,UNK,1672,7056,50,0,0,186,277,2,9243,9243,0.0049276105593635,0.00033076957807940245,Latvia
LV,2023,1875757,COM,14,18,0,0,0,24,33,2,91,3336845,1.7789324523379095,0.11941218357312167,Latvia
LV,2023,1875757,COMBA.1,744,1751,23,0,0,274,231,0,3023,63336,0.033765567714794616,0.0022665392185694075,Latvia
LV,2023,1875757,COMBA.4-5,1340,2943,71,0,0,258,382,3,4997,27298,0.014553057778806104,0.0009768849878190552,Latvia
LV,2023,1875757,JANSS,40,10,0,0,0,185,4,0,239,597268,0.31841437883478513,0.021373805513397008,Latvia
LV,2023,1875757,MOD,2,2,0,0,0,0,0,0,4,1467197,0.782189270785075,0.05250504518547712,Latvia
LV,2023,1875757,MODBA.1,465,2781,34,0,0,44,74,0,3398,73992,0.03944647414350579,0.0026478743504545215,Latvia
LV,2023,1875757,MODBA.4-5,0,0,0,0,0,0,0,0,0,0,0.0,0.0,Latvia
LV,2023,1875757,NVXD,0,0,0,0,0,0,0,0,0,1486,0.0007922134903401666,5.317792848923423e-05,Latvia
LV,2023,1875757,SGSK,0,0,0,0,0,0,0,0,0,0,0.0,0.0,Latvia
LV,2023,1875757,UNK,629,1804,104,0,0,133,156,8,2834,12077,0.006438467242825163,0.00043218697332737674,Latvia
MT,2020,514564,AZ,0,0,0,0,0,2,0,0,2,2,3.886785705956888e-06,2.6090342419642783e-07,Malta
MT,2020,514564,COM,0,0,0,0,0,3074,14,0,3088,3088,0.0060011971299974345,0.00040283488695928453,Malta
MT,2021,516100,AZ,40,0,0,0,0,228812,227002,0,455854,455856,0.8832706839759736,0.05929021134056021,Malta
MT,2021,516100,COM,246493,0,0,0,0,513296,504621,0,1264410,1267498,2.455915520248014,0.16485518298264668,Malta
MT,2021,516100,JANSS,2,0,0,0,0,63743,75,0,63820,63820,0.1236582057740748,0.008300650397832983,Malta
MT,2021,516100,MOD,222205,0,0,0,0,46931,45901,0,315037,315037,0.6104185235419493,0.040974804126952515,Malta
MT,2022,520971,AZ,23,10,0,0,0,32,255,0,320,456176,0.8756264744102839,0.0587770880037354,Malta
MT,2022,520971,COM,91235,48097,12999,0,0,16786,20643,0,189760,1457258,2.7971960051519185,0.18776389312490674,Malta
MT,2022,520971,JANSS,0,0,0,0,0,1036,0,0,1036,64856,0.12449061464073816,0.008356526471296744,Malta
MT,2022,520971,MOD,154923,77521,0,0,0,4496,5096,0,242036,557073,1.069297523278647,0.07177740333885363,Malta
MT,2023,520971,AZ,8,4,0,0,0,0,8,0,20,456196,0.875664864263078,0.05877966495158026,Malta
MT,2023,520971,COM,266,1105,1146,0,0,67,53,0,2637,1459895,2.8022577072428216,0.18810366369825088,Malta
MT,2023,520971,JANSS,0,0,0,0,0,2,0,0,2,64858,0.12449445362601758,0.00835678416608123,Malta
MT,2023,520971,MOD,68,250,274,0,0,8,2,0,602,557675,1.0704530578477496,0.07185496946898376,Malta
NL,2020,17407585,AZ,0,0,0,0,0,0,0,0,0,0,0.0,0.0,Netherlands
NL,2020,17407585,COM,0,0,0,0,0,40,0,0,40,40,2.2978488974777372e-06,1.542448416230174e-07,Netherlands
NL,2020,17407585,COMBA.1,0,0,0,0,0,0,0,0,0,0,0.0,0.0,Netherlands
NL,2020,17407585,COMBA.4-5,0,0,0,0,0,0,0,0,0,0,0.0,0.0,Netherlands
NL,2020,17407585,JANSS,0,0,0,0,0,0,0,0,0,0,0.0,0.0,Netherlands
NL,2020,17407585,MOD,0,0,0,0,0,0,0,0,0,0,0.0,0.0,Netherlands
NL,2020,17407585,MODBA.1,0,0,0,0,0,0,0,0,0,0,0.0,0.0,Netherlands
NL,2020,17407585,NVXD,0,0,0,0,0,0,0,0,0,0,0.0,0.0,Netherlands
NL,2020,17407585,UNK,0,0,0,0,0,6,0,0,6,6,3.446773346216606e-07,2.313672624345261e-08,Netherlands
NL,2021,17475415,AZ,0,0,0,0,0,2526974,2352352,5,4879331,4879331,0.2792111660867567,0.01874226026772374,Netherlands
NL,2021,17475415,COM,3404800,0,0,0,0,18343825,17083418,127877,38959920,38959960,2.229415438774988,0.14965119405510843,Netherlands
NL,2021,17475415,COMBA.1,0,0,0,0,0,0,0,0,0,0,0.0,0.0,Netherlands
NL,2021,17475415,COMBA.4-5,0,0,0,0,0,0,0,0,0,0,0.0,0.0,Netherlands
NL,2021,17475415,JANSS,0,0,0,0,0,1489221,1450,0,1490671,1490671,0.08530103576939374,0.005725896409886523,Netherlands
NL,2021,17475415,MOD,5818296,0,0,0,0,1964506,1819430,2950,9605182,9605182,0.5496397081271032,0.03689498026734716,Netherlands
NL,2021,17475415,MODBA.1,0,0,0,0,0,0,0,0,0,0,0.0,0.0,Netherlands
NL,2021,17475415,NVXD,0,0,0,0,0,0,0,0,0,0,0.0,0.0,Netherlands
NL,2021,17475415,UNK,13280,0,0,0,0,9012,1148,282,23722,23728,0.001357793219789058,9.114289471908115e-05,Netherlands
NL,2022,17590672,AZ,0,0,0,0,0,0,0,0,0,4879331,0.2773817282250502,0.01861945787042607,Netherlands
NL,2022,17590672,COM,6028476,1252653,6032,8,0,208233,274371,2045,7771818,46731778,2.656622669105535,0.17832780184027355,Netherlands
NL,2022,17590672,COMBA.1,215685,1279804,654413,2500,0,4,4,0,2152410,2152410,0.12236087399048769,0.00821356602265429,Netherlands
NL,2022,17590672,COMBA.4-5,20,286,150,0,0,0,0,0,456,456,2.5922830008995677e-05,1.740089530493891e-06,Netherlands
NL,2022,17590672,JANSS,1460,0,0,0,0,6596,114,0,8170,1498841,0.08520657994191468,0.005719555991173233,Netherlands
NL,2022,17590672,MOD,3088288,4060024,5094,0,0,737,3563,168,7157874,16763056,0.952951427893147,0.06396758386991842,Netherlands
NL,2022,17590672,MODBA.1,175426,2043420,3561246,4726,0,0,0,0,5784818,5784818,0.328857135190742,0.022074783415817124,Netherlands
NL,2022,17590672,NVXD,204,268,96,0,0,3805,2781,0,7154,7154,0.0004066928199218313,2.729956250252916e-05,Netherlands
NL,2022,17590672,UNK,1144,378,104,8,0,237,653,53,2577,26305,0.0014953948319882265,0.0001003795067974601,Netherlands
NL,2023,17590672,AZ,0,0,0,0,0,0,0,0,0,4879331,0.2773817282250502,0.01861945787042607,Netherlands
NL,2023,17590672,COM,201,44,36,10,0,3739,4039,0,8069,46739847,2.657081378130409,0.1783585930297945,Netherlands
NL,2023,17590672,COMBA.1,33512,119905,80241,1316,0,0,2,0,234976,2387386,0.13571886281547402,0.009110231104929142,Netherlands
NL,2023,17590672,COMBA.4-5,4473,5868,2478,1670,0,132,131,0,14752,15208,0.0008645491201245752,5.803351223629626e-05,Netherlands
NL,2023,17590672,JANSS,316,0,0,0,0,2302,40,0,2658,1501499,0.08535768275367762,0.005729698881462821,Netherlands
NL,2023,17590672,MOD,0,0,0,0,0,0,0,0,0,16763056,0.952951427893147,0.06396758386991842,Netherlands
NL,2023,17590672,MODBA.1,6270,55030,82564,1032,0,0,0,0,144896,5929714,0.3370942281227232,0.022627704496103185,Netherlands
NL,2023,17590672,NVXD,136,100,26,2,0,422,381,0,1067,8221,0.00046734996821042426,3.1371219364452366e-05,Netherlands
NL,2023,17590672,UNK,3,70,38,108,0,42,38,0,299,26604,0.001512392477103774,0.00010152048655539358,Netherlands
NO,2020,5367580,COM,0,0,0,0,0,4957,0,0,4957,4957,0.0009235074279284147,6.19911331484226e-05,Norway
NO,2021,5391369,AZ,222,2,0,0,0,377487,9315,0,387026,387026,0.07178621978944494,0.0048187041864641705,Norway
NO,2021,5391369,COM,2772163,1633,14,0,0,7015743,5910487,0,15700040,15704997,2.912988704724162,0.19553656548218273,Norway
NO,2021,5391369,JANSS,49,3,0,0,0,14132,289,0,14473,14473,0.0026844758724546584,0.00018019746913823864,Norway
NO,2021,5391369,MOD,529724,2360,8,0,0,1126590,2086742,0,3745424,3745424,0.6947074110490304,0.046632759320777886,Norway
NO,2022,5425270,AZ,245,148,10,0,0,25,98,0,526,387552,0.07143460141154265,0.004795101537451517,Norway
NO,2022,5425270,COM,2031502,881815,6509,0,0,79349,183374,0,3182549,18887546,3.481402031603957,0.23369173907833335,Norway
NO,2022,5425270,COMBA.1,12257,302668,5582,0,0,0,8,0,320515,320515,0.059078165694979236,0.00396566646353592,Norway
NO,2022,5425270,COMBA.4-5,24059,345242,10013,0,0,0,32,0,379346,379346,0.06992204996249035,0.004693570379784089,Norway
NO,2022,5425270,JANSS,63,21,0,0,0,244,109,0,437,14910,0.002748250317495719,0.0001844783768975573,Norway
NO,2022,5425270,MOD,863017,142979,1595,0,0,6457,30690,0,1044738,4790162,0.8829352271868497,0.05926769355039281,Norway
NO,2022,5425270,MODBA.1,2223,38890,1630,0,0,0,0,0,42743,42743,0.007878501899444636,0.0005288503865682288,Norway
NO,2022,5425270,MODBA.4-5,1135,17532,516,0,0,0,2,0,19185,19185,0.0035362295332766846,0.000237372076511042,Norway
NO,2023,5425270,AZ,0,12,10,0,0,4,3,0,29,387581,0.07143994676762631,0.004795460348513223,Norway
NO,2023,5425270,COM,1071,7307,25188,0,0,1397,1709,0,36672,18924218,3.4881615108556807,0.2341454742250528,Norway
NO,2023,5425270,COMBA.1,158,1442,5175,0,0,0,0,0,6775,327290,0.06032695146969644,0.004049492151227466,Norway
NO,2023,5425270,COMBA.4-5,12765,80462,246113,0,0,0,34,0,339374,718720,0.13247635601546098,0.008892575388585672,Norway
NO,2023,5425270,JANSS,0,4,2,0,0,5,0,0,11,14921,0.0027502778663550387,0.00018461447764510076,Norway
NO,2023,5425270,MOD,50,561,1116,0,0,13,17,0,1757,4791919,0.8832590820364701,0.05928943255161407,Norway
NO,2023,5425270,MODBA.1,6,104,38,0,0,0,0,0,148,42891,0.00790578164773366,0.00053068156026245,Norway
NO,2023,5425270,MODBA.4-5,1501,13287,25951,0,0,0,2,0,40741,59926,0.011045717540325182,0.0007414521270263593,Norway
PL,2020,37958138,AZ,0,0,0,0,0,0,0,0,0,0,0.0,0.0,Poland
PL,2020,37958138,COM,4,0,0,0,0,281980,12,0,281996,281996,0.007429131534323417,0.000498686061631858,Poland
PL,2020,37958138,JANSS,0,0,0,0,0,0,0,0,0,0,0.0,0.0,Poland
PL,2020,37958138,MOD,0,0,0,0,0,4,0,0,4,4,1.0537924700099884e-07,7.073661493522716e-09,Poland
PL,2020,37958138,NVXD,0,0,0,0,0,0,0,0,0,0,0.0,0.0,Poland
PL,2021,37840001,AZ,12,0,0,0,0,10723022,10617530,0,21340564,21340564,0.5639683783306454,0.03785680306981245,Poland
PL,2021,37840001,COM,27264330,448,0,0,0,57928392,56305556,0,141498726,141780722,3.746847733962798,0.2515099822033675,Poland
PL,2021,37840001,JANSS,426,0,0,0,0,10325968,0,0,10326394,10326394,0.2728962401454482,0.01831836609750768,Poland
PL,2021,37840001,MOD,1240004,12,0,0,0,6201190,6147440,0,13588646,13588650,0.3591080771905899,0.02410540073048711,Poland
PL,2021,37840001,NVXD,4,0,0,0,0,32,28,0,64,64,1.6913318791931321e-06,1.1353192898125827e-07,Poland
PL,2022,37654247,AZ,0,0,0,0,0,576,1746,0,2322,21342886,0.5668121845591548,0.03804769570936088,Poland
PL,2022,37654247,COM,20169362,10612910,0,0,0,2466484,3598618,0,36847374,178628096,4.7439030184297675,0.3184380707346937,Poland
PL,2022,37654247,JANSS,355974,0,0,0,0,829380,0,0,1185354,11511748,0.30572243285066886,0.02052184905953411,Poland
PL,2022,37654247,MOD,1109464,700368,0,0,0,37482,58140,0,1905454,15494104,0.411483570498701,0.027621145250983924,Poland
PL,2022,37654247,NVXD,31076,7170,0,0,0,14458,12674,0,65378,65442,0.0017379712838235751,0.00011666263421975805,Poland
PL,2023,37654247,AZ,0,0,0,0,0,0,16,0,16,21342902,0.5668126094780225,0.0380477242323606,Poland
PL,2023,37654247,COM,168120,483244,0,0,0,35912,40858,0,728134,179356230,4.763240385606436,0.319736106101965,Poland
PL,2023,37654247,JANSS,2618,0,0,0,0,15896,0,0,18514,11530262,0.30621411709547663,0.020554853735582284,Poland
PL,2023,37654247,MOD,2750,25612,0,0,0,632,556,0,29550,15523654,0.412268342532517,0.02767382366608728,Poland
PL,2023,37654247,NVXD,160,386,0,0,0,266,238,0,1050,66492,0.0017658565845175445,0.00011853445607622247,Poland
PT,2020,10295909,AZ,0,0,0,0,0,33,0,0,33,33,3.2051565335319104e-06,2.1514855151453612e-07,Portugal
PT,2020,10295909,BECNBG,0,0,0,0,0,12,15,0,27,27,2.6224008001624724e-06,1.7603063305734775e-07,Portugal
PT,2020,10295909,COM,68,0,0,0,0,108425,78,287,108858,108858,0.010572937270521719,0.0007097163945687689,Portugal
PT,2020,10295909,COMBA.1,0,0,0,0,0,3,0,0,3,3,2.9137786668471914e-07,1.9558959228594195e-08,Portugal
PT,2020,10295909,JANSS,0,0,0,0,0,9,0,0,9,9,8.741336000541574e-07,5.867687768578258e-08,Portugal
PT,2020,10295909,MOD,0,0,0,0,0,168,0,0,168,168,1.631716053434427e-05,1.0953017168012747e-06,Portugal
PT,2020,10295909,SIN,0,0,0,0,0,6,6,0,12,12,1.1655114667388766e-06,7.823583691437678e-08,Portugal
PT,2021,10298252,AZ,41086,28202,106,0,0,3623895,3196917,3397,6893603,6893636,0.6693986513439368,0.04493388972292393,Portugal
PT,2021,10298252,BECNBG,337,43,0,0,0,6972,6799,93,14244,14271,0.0013857691577172514,9.302080066830442e-05,Portugal
PT,2021,10298252,BHACOV,14,5,0,0,0,209,221,4,453,453,4.3988047680324776e-05,2.9527309020210147e-06,Portugal
PT,2021,10298252,COM,7974998,136932,61701,0,0,17015125,15600515,43889,40833160,40942018,3.9756279026770756,0.2668670237079484,Portugal
PT,2021,10298252,COMBA.1,126,9,2,0,0,183,158,44,522,525,5.097952545733004e-05,3.422039124858792e-06,Portugal
PT,2021,10298252,COMBA.4-5,81,3,0,0,0,115,95,21,315,315,3.0587715274398024e-05,2.053223474915275e-06,Portugal
PT,2021,10298252,JANSS,5091,47,18,0,0,3408245,0,1596,3414997,3415006,0.33161025774082825,0.022259588845004806,Portugal
PT,2021,10298252,MOD,1398995,12878,10083,0,0,3318542,2871484,6646,7618628,7618796,0.7398144850213415,0.049660605707271745,Portugal
PT,2021,10298252,MODBA.1,30,3,0,0,0,15,24,6,78,78,7.574100925089035e-06,5.08417241407592e-07,Portugal
PT,2021,10298252,MODBA.4-5,6,0,0,0,0,3,15,0,24,24,2.3304925923350877e-06,1.5643607427925908e-07,Portugal
PT,2021,10298252,NVXD,35,9,0,0,0,293,317,12,666,666,6.467116943729868e-05,4.341101061249439e-06,Portugal
PT,2021,10298252,SGSK,0,0,0,0,0,3,3,0,6,6,5.826231480837719e-07,3.910901856981477e-08,Portugal
PT,2021,10298252,SIN,542,83,3,0,0,14461,14628,192,29909,29921,0.0029054445356357563,0.00019503015743790457,Portugal
PT,2022,10352042,AZ,8372,2629,79,0,0,606,1931,890,14507,6908143,0.6673217709124442,0.04479447755636364,Portugal
PT,2022,10352042,BECNBG,801,92,22,0,0,370,581,93,1959,16230,0.001567806622113782,0.00010524020286490623,Portugal
PT,2022,10352042,BHACOV,14,5,0,0,0,82,88,11,200,653,6.307934222059764e-05,4.2342484578425e-06,Portugal
PT,2022,10352042,COM,8070171,1337584,42758,0,0,767539,742075,22106,10982233,51924251,5.015846245600627,0.33669246511696305,Portugal
PT,2022,10352042,COMBA.1,111042,2385809,916058,0,0,1062,823,13041,3427835,3428360,0.33117717258102314,0.022230517676767092,Portugal
PT,2022,10352042,COMBA.4-5,189281,4414806,227604,0,0,1387,1249,7219,4841546,4841861,0.4677203782596709,0.03139608341858766,Portugal
PT,2022,10352042,JANSS,5321,2002,67,0,0,1194,0,755,9339,3424345,0.33078932639570047,0.022204483208837174,Portugal
PT,2022,10352042,MOD,3277329,58902,3972,0,0,87656,68982,5139,3501980,11120776,1.0742591654863842,0.07211045731701667,Portugal
PT,2022,10352042,MODBA.1,23095,624950,17977,0,0,174,197,856,667249,667327,0.06446332037679137,0.004327149036181718,Portugal
PT,2022,10352042,MODBA.4-5,36,90,6,0,0,3,0,3,138,162,1.564908643144995e-05,1.0504567383927795e-06,Portugal
PT,2022,10352042,NVXD,66,41,3,0,0,75,88,14,287,953,9.205913190846791e-05,6.179538714125424e-06,Portugal
PT,2022,10352042,SGSK,6,0,0,0,0,2,2,0,10,16,1.5455887833530814e-06,1.0374881366842265e-07,Portugal
PT,2022,10352042,SIN,888,256,7,0,0,2352,2333,93,5929,35850,0.003463084867700498,0.00023246218562580952,Portugal
PT,2023,10352042,AZ,42,111,9,0,0,6,18,17,203,6908346,0.6673413805701329,0.044795793869437064,Portugal
PT,2023,10352042,BECNBG,13,6,0,0,0,5,17,6,47,16277,0.0015723467891648817,0.00010554496500505723,Portugal
PT,2023,10352042,BHACOV,0,0,0,0,0,0,3,0,3,656,6.336914011747633e-05,4.2537013604053284e-06,Portugal
PT,2023,10352042,COM,87921,2157,13668,0,0,94589,9642,12118,220095,52144346,5.037107268305133,0.33811962731348505,Portugal
PT,2023,10352042,COMBA.1,11,75,48,0,0,5,15,18,172,3428532,0.3311937876604442,0.02223163297651403,Portugal
PT,2023,10352042,COMBA.4-5,50888,432072,20247,0,0,1704,1583,2780,509274,5351135,0.5169158896380057,0.03469836925184843,Portugal
PT,2023,10352042,JANSS,79,30,6,0,0,54,0,14,183,3424528,0.3308070040674101,0.022205669835893508,Portugal
PT,2023,10352042,MOD,47,92,21,0,0,11,9,38,218,11120994,1.0742802241335574,0.0721118708946029,Portugal
PT,2023,10352042,MODBA.1,2464,27879,921,0,0,99,99,129,31591,698918,0.06751498883022305,0.004531994584469163,Portugal
PT,2023,10352042,MODBA.4-5,3,0,3,0,0,0,0,0,6,168,1.6228682225207355e-05,1.0893625435184378e-06,Portugal
PT,2023,10352042,NVXD,3,0,0,0,0,0,0,0,3,956,9.234892980534661e-05,6.198991616688254e-06,Portugal
PT,2023,10352042,SGSK,42,171,6,0,0,0,0,0,219,235,2.2700835255498385e-05,1.523810700754958e-06,Portugal
PT,2023,10352042,SIN,19,27,0,0,0,33,79,5,163,36013,0.0034788305534309075,0.00023351912666505655,Portugal
RO,2021,19201662,AZ,10,0,0,0,0,1319602,1268825,0,2588437,2588437,0.13480275821957496,0.00904873689246823,Romania
RO,2021,19201662,COM,3125987,0,0,0,0,15691051,15344745,0,34161783,34161783,1.779105527427782,0.1194238013691637,Romania
RO,2021,19201662,JANSS,32969,0,0,0,0,5985294,0,0,6018263,6018263,0.31342406714585436,0.021038827074669586,Romania
RO,2021,19201662,MOD,317703,0,0,0,0,1222517,1209365,0,2749585,2749585,0.14319515675257694,0.009612082978445005,Romania
RO,2022,19042455,AZ,4,0,0,0,0,22,71,0,97,2588534,0.13593488864749845,0.009124732001956645,Romania
RO,2022,19042455,COM,1609521,79382,0,0,0,299537,585044,0,2573484,36735267,1.9291245272734003,0.1294939399657574,Romania
RO,2022,19042455,JANSS,102092,0,0,0,0,283800,0,0,385892,6404155,0.3363093151592061,0.02257501662098727,Romania
RO,2022,19042455,MOD,158660,30,0,0,0,9582,21166,0,189438,2939023,0.15434055115267437,0.010360225989918086,Romania
RO,2023,19042455,AZ,0,0,0,0,0,0,0,0,0,2588534,0.13593488864749845,0.009124732001956645,Romania
RO,2023,19042455,COM,7266,22476,0,0,0,4150,5265,0,39157,36774424,1.931180827262031,0.12963197065455678,Romania
RO,2023,19042455,JANSS,1348,0,0,0,0,2525,0,0,3873,6408028,0.3365127028001379,0.022588669169898573,Romania
RO,2023,19042455,MOD,0,0,0,0,0,0,0,0,0,2939023,0.15434055115267437,0.010360225989918086,Romania
SE,2020,10327589,AZ,0,0,0,0,0,0,0,0,0,0,0.0,0.0,Sweden
SE,2020,10327589,COM,0,0,0,0,0,30249,0,0,30249,30249,0.002928950793839685,0.00019660803276199337,Sweden
SE,2020,10327589,MOD,0,0,0,0,0,0,0,0,0,0,0.0,0.0,Sweden
SE,2020,10327589,NVXD,0,0,0,0,0,0,0,0,0,0,0.0,0.0,Sweden
SE,2020,10327589,UNK,0,0,0,0,0,10785,0,0,10785,10785,0.001044290201711164,7.00987680035075e-05,Sweden
SE,2021,10379295,AZ,45,0,0,0,0,2181453,1760502,0,3942000,3942000,0.37979458142388284,0.025493997940991487,Sweden
SE,2021,10379295,COM,5998049,0,0,0,0,16469951,16392864,0,38860864,38891113,3.746989848539809,0.25151952175161524,Sweden
SE,2021,10379295,MOD,1560765,0,0,0,0,2818774,2719181,0,7098720,7098720,0.68393084501404,0.0459093741916984,Sweden
SE,2021,10379295,NVXD,0,0,0,0,0,0,0,0,0,0,0.0,0.0,Sweden
SE,2021,10379295,UNK,0,0,0,0,0,163322,143892,0,307214,317999,0.030637822703757818,0.0020565869739313427,Sweden
SE,2022,10452326,AZ,0,0,0,0,0,0,0,0,0,3942000,0.37714093494596324,0.02531586991823095,Sweden
SE,2022,10452326,COM,5624251,6317095,0,0,0,293113,515128,0,12749587,51640700,4.940594084034501,0.33164110697270144,Sweden
SE,2022,10452326,MOD,3342777,1968612,0,0,0,48390,72459,0,5432238,12530958,1.1988678883532717,0.0804749118921399,Sweden
SE,2022,10452326,NVXD,1773,17865,0,0,0,792,702,0,21132,21132,0.002021750948066488,0.00013571155837444355,Sweden
SE,2023,10452326,AZ,0,0,0,0,0,0,0,0,0,3942000,0.37714093494596324,0.02531586991823095,Sweden
SE,2023,10452326,COM,54960,349951,0,0,0,9157,9426,0,423494,52064194,4.981110807297821,0.3343608226031305,Sweden
SE,2023,10452326,MOD,189,3126,0,0,0,0,0,0,3315,12534273,1.1991850426402697,0.08049620111303765,Sweden
SE,2023,10452326,NVXD,0,48,0,0,0,0,0,0,48,21180,0.002026343227335236,0.00013601981858653767,Sweden
SI,2020,2095861,COM,0,0,0,0,0,21759,2,0,21761,21761,0.010382845045544528,0.000696956310488585,Slovenia
SI,2021,2108977,AZ,79,0,0,0,0,336546,314270,0,650895,650895,0.3086306773378752,0.020717067165834546,Slovenia
SI,2021,2108977,COM,857258,323,0,0,0,1575138,1525843,0,3958562,3980323,1.8873240438373675,0.1266880509647732,Slovenia
SI,2021,2108977,JANSS,44,0,0,0,0,270742,115,0,270901,270901,0.12845137713687726,0.008622395643370659,Slovenia
SI,2021,2108977,MOD,53881,6,0,0,0,195935,190404,0,440226,440226,0.2087391185394625,0.014011770884930257,Slovenia
SI,2022,2107180,AZ,23,0,0,0,0,3,11,0,37,650932,0.3089114361373969,0.020735913312164723,Slovenia
SI,2022,2107180,COM,354268,22507,0,0,0,22339,59672,0,458786,4439109,2.1066586622879866,0.14141105277855476,Slovenia
SI,2022,2107180,COMBIV,10846,121333,0,0,0,117,297,0,132593,132593,0.06292438234987044,0.004223846659558689,Slovenia
SI,2022,2107180,JANSS,15,0,0,0,0,82,10,0,107,271008,0.12861169904801678,0.008633157372664329,Slovenia
SI,2022,2107180,MOD,24104,1450,0,0,0,370,1951,0,27875,468101,0.22214571132983418,0.0149116985450671,Slovenia
SI,2022,2107180,MODBIV,214,3113,0,0,0,4,8,0,3339,3339,0.0015845822378724173,0.00010636627873467276,Slovenia
SI,2022,2107180,NVXD,48,6,0,0,0,200,180,0,434,434,0.0002059624711699997,1.3825386334485765e-05,Slovenia
SI,2023,2107180,AZ,3,0,0,0,0,0,1,0,4,650936,0.3089133344090206,0.020736040735080244,Slovenia
SI,2023,2107180,COM,25,32,0,0,0,79,139,0,275,4439384,2.1067891684621154,0.14141981310399715,Slovenia
SI,2023,2107180,COMBIV,915,6194,0,0,0,244,401,0,7754,140347,0.06660418189238698,0.0044708559813043175,Slovenia
SI,2023,2107180,COMXBB,0,0,0,0,0,0,0,0,0,0,0.0,0.0,Slovenia
SI,2023,2107180,JANSS,4,0,0,0,0,14,0,0,18,271026,0.12862024127032337,0.008633730775784191,Slovenia
SI,2023,2107180,MOD,3,0,0,0,0,7,2,0,12,468113,0.22215140614470524,0.014912080813813676,Slovenia
SI,2023,2107180,MODBIV,36,339,0,0,0,2,8,0,385,3724,0.0017672908816522557,0.00011863073435397464,Slovenia
SI,2023,2107180,NVXD,4,6,0,0,0,2,11,0,23,457,0.00021687753300619786,1.4558068098755749e-05,Slovenia
SI,2023,2107180,SGSK,2,0,0,0,0,0,0,0,2,2,9.491358118433166e-07,6.371145776260721e-08,Slovenia
SK,2020,5457873,COM,0,0,0,0,0,9070,10,0,9080,9080,0.001663651755912972,0.00011167387981356043,Slovakia
SK,2020,5457873,MOD,0,0,0,0,0,4,0,0,4,4,7.328862360850097e-07,4.9195541768088294e-08,Slovakia
SK,2021,5459781,AZ,4,0,0,0,0,850087,838538,0,1688629,1688629,0.3092851160147266,0.020760996855978108,Slovakia
SK,2021,5459781,COM,1992231,10,0,0,0,3681463,3516882,0,9190586,9199666,1.6849880975079403,0.11310609784745418,Slovakia
SK,2021,5459781,JANSS,2433,0,0,0,0,334976,0,0,337409,337409,0.06179899889757483,0.004148304445901804,Slovakia
SK,2021,5459781,MOD,212520,0,0,0,0,512907,500752,0,1226179,1226183,0.22458464909123643,0.015075414083172683,Slovakia
SK,2021,5459781,SPU,12,0,0,0,0,38087,37853,0,75952,75952,0.013911180686551347,0.0009337985035228279,Slovakia
SK,2021,5459781,UNK,0,0,0,0,0,6,14,0,20,20,3.663150591571347e-06,2.4589174834706865e-07,Slovakia
SK,2022,5434712,AZ,0,0,0,0,0,2,6,0,8,1688637,0.3107132447864763,0.020856861077710703,Slovakia
SK,2022,5434712,COM,1013521,133162,952,0,0,99146,202627,0,1449408,10649074,1.9594550732403115,0.13152990075680032,Slovakia
SK,2022,5434712,JANSS,22419,266,0,0,0,12806,0,0,35491,372900,0.06861449143947278,0.004605799527002145,Slovakia
SK,2022,5434712,MOD,115598,6355,26,0,0,4072,10992,0,137043,1363226,0.2508368428722626,0.016837612405462662,Slovakia
SK,2022,5434712,NVXD,3693,248,4,0,0,1860,1676,0,7481,7481,0.001376521883772314,9.240007042505509e-05,Slovakia
SK,2022,5434712,SPU,36,0,0,0,0,0,0,0,36,75988,0.01398197365380171,0.000938550534882915,Slovakia
SK,2022,5434712,UNK,523,7216,357,0,0,0,0,0,8096,8116,0.0014933634017773158,0.00010024314551126148,Slovakia
SK,2023,5434712,COM,1059,7886,339,0,0,531,647,0,10462,10659536,1.9613801062503404,0.13165912005058283,Slovakia
SK,2023,5434712,JANSS,22,10,0,0,0,246,0,0,278,373178,0.0686656441040482,0.004609233188220988,Slovakia
SK,2023,5434712,MOD,14,184,12,0,0,0,0,0,210,1363436,0.25087548337428,0.016840206178325816,Slovakia
SK,2023,5434712,UNK,236,1388,622,0,0,21,1,0,2268,10384,0.0019106808235652597,0.00012825589243333407,Slovakia
AT,2020,8901064,All,0,0,0,0,0,10706,0,16,10722,10722,0.0012045750934944408,8.08580123449486e-05,Austria
AT,2021,8932664,All,7985666,11554,340,0,0,13403744,11924818,17956,33344078,33354800,3.734026041951203,0.2506493164494799,Austria
AT,2022,8978929,All,2811934,3351514,73278,0,0,381080,729610,1438,7348854,40703654,4.533241548073272,0.30429726053308453,Austria
AT,2023,8978929,All,14332,155342,54710,0,0,4216,5188,20,233808,40937462,4.559281179303233,0.30604519043369544,Austria
BE,2020,11522440,All,0,0,0,0,0,2772,0,0,2772,2772,0.00024057404508072942,1.6148714357509346e-05,Belgium
BE,2021,11554767,All,9112767,0,0,0,0,18036052,16963782,0,44112601,44115373,3.8179370471079164,0.25628190600531725,Belgium
BE,2022,11617623,All,5673458,7942892,977630,0,0,382433,410763,0,15387176,59502549,5.121749001495401,0.34380126754011664,Belgium
BE,2023,11617623,All,6886,55818,26023,0,0,644,603,0,89974,59592523,5.129493615001968,0.3443211305672561,Belgium
BG,2020,6951482,All,0,0,0,0,0,14060,0,0,14060,14060,0.0020225902908185623,0.0001357678998901991,Bulgaria
BG,2021,6916548,All,574606,0,0,0,0,3996506,2949323,0,7520435,7534495,1.089343267768835,0.07312298906796683,Bulgaria
BG,2022,6838937,All,1122777,227964,0,0,0,247911,215353,0,1814005,9348500,1.3669522032444517,0.09175769839657959,Bulgaria
BG,2023,6838937,All,9424,5114,0,0,0,5765,1381,0,21684,9370184,1.370122871434552,0.09197053189201002,Bulgaria
CY,2020,888005,All,0,0,0,0,0,8800,0,0,8800,8800,0.009909854111181806,0.0006652064370134481,Cyprus
CY,2021,896007,All,614354,0,0,0,0,1298941,1209962,0,3123257,3132057,3.495572021200727,0.23464291032529946,Cyprus
CY,2022,904705,All,370045,127631,22350,0,0,41761,55151,0,616938,3748995,4.143886681293902,0.27816152122165455,Cyprus
CY,2023,904705,All,1567,16426,6998,0,0,1313,371,132,26807,3775802,4.1735173343797145,0.2801505011747857,Cyprus
CZ,2020,10693939,All,0,0,0,0,0,41395,0,0,41395,41395,0.0038708842457395726,0.0002598360266771711,Czechia
CZ,2021,10494836,All,5133674,0,0,0,0,14091388,12966546,0,32191608,32233003,3.071320314104956,0.20616469426805065,Czechia
CZ,2022,10516707,All,3954164,1623265,1247,0,0,295836,453712,0,6328224,38561227,3.6666636238891126,0.2461275632929796,Czechia
CZ,2023,10516707,All,13405,57305,25238,2,0,4328,3612,0,103890,38665117,3.676542191391279,0.24679066959274826,Czechia
DE,2020,83166711,All,0,0,0,0,0,605739,0,0,605739,605739,0.007283430987189093,0.0004889058024330093,Germany
DE,2021,83155031,All,68723735,7608,76,0,0,121400821,115671379,0,305803619,306409358,3.684796389529336,0.2473447388729029,Germany
DE,2022,83237124,All,34004665,24526208,1954637,0,0,3143350,7196071,0,70824931,377234289,4.532043766913427,0.30421685856866376,Germany
DE,2023,83237124,All,96389,732091,387314,0,0,23534,25560,0,1264888,378499177,4.547239967108907,0.3052369149766357,Germany
DK,2020,5822763,All,0,0,0,0,0,121600,2,0,121602,121602,0.02088389996295573,0.0014018475478491529,Denmark
DK,2021,5840045,All,5750073,1096,19,0,0,9183403,9001515,0,23936106,24057708,4.119438805694134,0.2765204391191522,Denmark
DK,2022,5873420,All,1792327,3911070,74879,0,0,73587,256762,0,6108625,30166333,5.136076255401453,0.3447629952725439,Denmark
DK,2023,5873420,All,6314,37299,18776,0,0,1706,2184,0,66279,30232612,5.147360822144509,0.34552048033258315,Denmark
EE,2020,1328976,All,0,0,0,0,0,5037,151,0,5188,5188,0.003903757479442819,0.0002620426673016958,Estonia
EE,2021,1330068,All,641949,19748,32,0,0,1631652,1464887,0,3758268,3763456,2.8295214981489667,0.1899337662411019,Estonia
EE,2022,1331796,All,322759,183116,6041,0,0,29357,35879,0,577152,4340608,3.2592138735962566,0.2187771912679764,Estonia
EE,2023,1331796,All,3297,16053,4175,0,0,715,536,0,24776,4365384,3.27781732337385,0.22002596187588558,Estonia
EL,2020,10718565,All,0,0,0,0,0,15974,17,0,15991,15991,0.0014918974694840214,0.0001001447436996117,Greece
EL,2021,10678632,All,11037877,1033,159,18,0,22792099,19801836,0,53633022,53649013,5.02395934235771,0.33723706286041877,Greece
EL,2022,10459782,All,6915602,2932545,510420,280,0,1218602,1897356,0,13474805,67123818,6.417324758776044,0.4307677681275686,Greece
EL,2023,10459782,All,302,166655,108590,2227,0,7403,8091,0,293268,67417086,6.445362436807956,0.4326498184278545,Greece
ES,2020,47332614,All,0,0,0,0,0,286197,0,0,286197,286197,0.00604650738283755,0.00040587637188063593,Spain
ES,2021,47398695,All,30169755,21498,24,0,0,82048151,69394521,0,181633949,181920146,3.8380834324658095,0.25763424732863727,Spain
ES,2022,47432893,All,24499860,16945240,114506,0,0,2937315,3973505,0,48470426,230390572,4.85718996730813,0.3260425426853421,Spain
ES,2023,47432893,All,334042,2876349,44929,0,0,19544,16541,0,3291405,233681977,4.926580737970168,0.3307004505410822,Spain
FI,2020,5525292,All,0,0,0,0,0,34302,0,0,34302,34302,0.006208178680873337,0.00041672867978821416,Finland
FI,2021,5533793,All,7677764,5430,0,0,0,26074546,24837830,0,58595570,58629872,10.594879859076768,0.7111893073874437,Finland
FI,2022,5548241,All,10775614,7285662,2852542,0,0,1070686,1267740,0,23252244,81882116,14.758211836868657,0.9906561088135263,Finland
FI,2023,5548241,All,46016,287352,419144,0,0,8336,11466,0,772314,82654430,14.897411630100423,1.0,Finland
FR,2020,67320216,All,0,0,0,0,0,18362,32,0,18394,18394,0.0002732314465538851,1.8340867080682476e-05,France
FR,2021,67656682,All,97463645,84591,52,0,0,208775679,190824073,0,497148040,497166434,7.348371503054199,0.49326498357652376,France
FR,2022,67871925,All,65302083,37447247,5203775,0,0,5179618,13420427,0,126553150,623719584,9.189655133547486,0.6168625370450034,France
FR,2023,67871925,All,437868,3364784,4178971,0,0,127865,165856,0,8275344,631994928,9.311581010852425,0.6250469035868116,France
HR,2020,4058165,All,2,0,0,0,0,29329,60,66,29457,29457,0.007258699436814423,0.0004872456784471285,Croatia
HR,2021,4036355,All,1078702,362,0,0,0,4573092,3983239,2502,9637897,9667354,2.395070304767544,0.1607709019685186,Croatia
HR,2022,3862305,All,930546,138003,0,0,0,96771,163136,223,1328679,10996033,2.8470131178143623,0.1911079044135381,Croatia
HR,2023,3862305,All,15527,9405,0,0,0,1691,938,2,27563,11023596,2.8541495298791784,0.19158694145983926,Croatia
HU,2020,9769526,All,0,0,0,0,0,35517,0,0,35517,35517,0.003635488559015043,0.00024403491353286425,Hungary
HU,2021,9730772,All,6411642,0,0,0,0,12312586,11406942,0,30131170,30166687,3.1001329596459564,0.2080987648473172,Hungary
HU,2022,9689010,All,1388007,833076,20515,0,0,240094,301421,0,2783113,32949800,3.4007396008467325,0.22827721253103403,Hungary
HU,2023,9689010,All,3029,23441,5228,72,4,2863,1605,0,36242,32986042,3.404480127484645,0.22852829820489395,Hungary
IE,2020,4964440,All,2,0,0,0,0,12411,76,2,12491,12491,0.0025160944638267357,0.00016889473999247845,Ireland
IE,2021,5006324,All,4614862,472,8,0,0,8195395,7613729,255503,20679969,20692460,4.1332642473799135,0.2774484823275338,Ireland
IE,2022,5060004,All,1759692,2312703,720649,884,0,341832,354529,23206,5513495,26205955,5.179038396017078,0.3476468613885086,Ireland
IE,2023,5060004,All,31874,325127,269825,376191,0,6260,5268,966,1015511,27221466,5.379732110883706,0.3611185784793571,Ireland
IS,2020,364134,All,0,0,0,0,0,14834,0,0,14834,14834,0.04073775038859321,0.0027345522430407996,Iceland
IS,2021,368792,All,425535,0,0,0,0,568486,467114,0,1461135,1475969,4.0021719560077225,0.2686488133227976,Iceland
IS,2022,376248,All,108015,126599,6109,0,0,22904,17650,69,281346,1757315,4.670629478429121,0.313519529056447,Iceland
IS,2023,376248,All,1064,9977,32912,601,0,94,112,182,44942,1802257,4.790077289447386,0.3215375535283572,Iceland
IT,2020,59641488,All,0,0,0,0,0,373497,45,120178,493720,493720,0.00827813014993858,0.0005556757345156863,Italy
IT,2021,59236213,All,53348040,0,0,0,0,146801563,122377310,6523760,329050673,329544393,5.563225201448986,0.3734356906812196,Italy
IT,2022,59030133,All,71437438,18943138,1024646,0,0,4909799,10680313,554111,107549445,437093838,7.404588398945332,0.4970385851448355,Italy
IT,2023,59030133,All,153183,1445102,535100,0,0,16627,17668,48805,2216485,439310323,7.442136764286132,0.499559047509246,Italy
LI,2021,39055,All,24339,0,0,0,0,50964,49363,0,124666,124666,3.192062475995391,0.21426960301921075,Liechtenstein
LI,2022,39308,All,12804,6160,190,0,0,810,1420,0,21384,146050,3.715528645568332,0.2494076647557389,Liechtenstein
LI,2023,39308,All,12,311,14,2,0,8,9,0,356,146406,3.724585326142261,0.2500156012751024,Liechtenstein
LT,2020,2794090,All,0,0,0,0,0,29250,0,0,29250,29250,0.010468524635927977,0.000702707617662667,Lithuania
LT,2021,2795680,All,1896625,0,0,0,0,5722204,4699610,12900,12331339,12360589,4.421317532764837,0.29678427652703804,Lithuania
LT,2022,2805998,All,806615,98934,0,0,0,115518,197187,0,1218254,13578843,4.839220484120088,0.3248363275632646,Lithuania
LT,2023,2805998,All,3201,11636,0,0,0,2324,2240,0,19401,13598244,4.846134601664007,0.3253004429220661,Lithuania
LU,2020,626108,All,2,0,0,0,0,2593,0,0,2595,2595,0.004144652360295668,0.0002782129180025704,Luxembourg
LU,2021,634730,All,418596,83,0,0,0,887982,773346,0,2080007,2082602,3.2810832952594016,0.22024519270380688,Luxembourg
LU,2022,645397,All,315506,156904,2113,0,0,24446,47225,0,546194,2628796,4.07314567622719,0.2734129778623653,Luxembourg
LU,2023,645397,All,839,5698,719,0,0,147,192,0,7595,2636391,4.084913626806446,0.27420291042725986,Luxembourg
LV,2020,1907675,All,0,0,0,0,0,6418,2,0,6420,6420,0.0033653531130826793,0.00022590186783071344,Latvia
LV,2021,1893223,All,541189,311,0,0,0,2674087,2008758,0,5224345,5230765,2.762888999341335,0.1854610094654886,Latvia
LV,2022,1875757,All,597786,134592,542,0,0,70697,80776,4,884397,6115162,3.26010352087184,0.21883690951284157,Latvia
LV,2023,1875757,All,3234,9309,232,0,0,918,880,13,14586,6129748,3.267879581416996,0.21935888344618207,Latvia
MT,2020,514564,All,0,0,0,0,0,3076,14,0,3090,3090,0.006005083915703391,0.0004030957903834809,Malta
MT,2021,516100,All,468740,0,0,0,0,852782,777599,0,2099121,2102211,4.073262933540011,0.27342084884799234,Malta
MT,2022,520971,All,246181,125628,12999,0,0,22350,25994,0,433152,2535363,4.866610617481587,0.3266749109387925,Malta
MT,2023,520971,All,342,1359,1420,0,0,77,63,0,3261,2538624,4.8728700829796665,0.32709508228489614,Malta
NL,2020,17407585,All,0,0,0,0,0,46,0,0,46,46,2.642526232099398e-06,1.7738156786647e-07,Netherlands
NL,2021,17475415,All,9236376,0,0,0,0,24333538,21257798,131114,54958826,54958872,3.1449251419780304,0.21110547389478493,Netherlands
NL,2022,17590672,All,9510703,8636833,4227135,7242,0,219612,281486,2266,22885277,77844149,4.4253084248287955,0.2970521681690932,Netherlands
NL,2023,17590672,All,44911,181017,165383,4138,0,6637,4631,0,406717,78250866,4.4484295995059195,0.2986041944707903,Netherlands
NO,2020,5367580,All,0,0,0,0,0,4957,0,0,4957,4957,0.0009235074279284147,6.19911331484226e-05,Norway
NO,2021,5391369,All,3302158,3998,22,0,0,8533952,8006833,0,19846963,19851920,3.682166811435092,0.24716822645856304,Norway
NO,2022,5425270,All,2934501,1729295,25855,0,0,86075,214313,0,4990039,24841959,4.578935057610036,0.3073644718494745,Norway
NO,2023,5425270,All,15551,103179,303593,0,0,1419,1765,0,425507,25267466,4.657365624199349,0.3126291828299272,Norway
PL,2020,37958138,All,4,0,0,0,0,281984,12,0,282000,282000,0.007429236913570418,0.0004986931352933514,Poland
PL,2021,37840001,All,28504776,460,0,0,0,85178604,73070554,0,186754394,187036394,4.9428221209613605,0.3317906656331037,Poland
PL,2022,37654247,All,21665876,11320448,0,0,0,3348380,3671178,0,40005882,227042276,6.029659177622115,0.4047454233887923,Poland
PL,2023,37654247,All,173648,509242,0,0,0,52706,41668,0,777264,227819540,6.05030131129697,0.40613104219207136,Poland
PT,2020,10295909,All,68,0,0,0,0,108656,99,287,109110,109110,0.010597413011323236,0.0007113593471439709,Portugal
PT,2021,10298252,All,9421341,178214,71913,0,0,27388061,21691176,55900,58806605,58915715,5.72094322415105,0.38402263199815234,Portugal
PT,2022,10352042,All,11686422,8827166,1208553,0,0,862502,818349,50220,23453212,82368927,7.956780604251799,0.5341049037119318,Portugal
PT,2023,10352042,All,141532,462620,34929,0,0,96506,11465,15125,762177,83131104,8.030406368134905,0.5390470886841415,Portugal
RO,2021,19201662,All,3476669,0,0,0,0,24218464,17822935,0,45518068,45518068,2.3705275095457883,0.1591234483147465,Romania
RO,2022,19042455,All,1870277,79412,0,0,0,592941,606281,0,3148911,48666979,2.555709282232779,0.1715539145786194,Romania
RO,2023,19042455,All,8614,22476,0,0,0,6675,5265,0,43030,48710009,2.557968969862342,0.1717055978163301,Romania
SE,2020,10327589,All,0,0,0,0,0,41034,0,0,41034,41034,0.0039732409955508495,0.0002667068007655009,Sweden
SE,2021,10379295,All,7558859,0,0,0,0,21633500,21016439,0,50208798,50249832,4.84135309768149,0.32497948085823647,Sweden
SE,2022,10452326,All,8968801,8303572,0,0,0,342295,588289,0,18202957,68452789,6.549048412764776,0.43960981782448266,Sweden
SE,2023,10452326,All,55149,353125,0,0,0,9157,9426,0,426857,68879646,6.589886882594362,0.4423511309360215,Sweden
SI,2020,2095861,All,0,0,0,0,0,21759,2,0,21761,21761,0.010382845045544528,0.000696956310488585,Slovenia
SI,2021,2108977,All,911262,329,0,0,0,2378361,2030632,0,5320584,5342345,2.5331452168515827,0.1700392846589087,Slovenia
SI,2022,2107180,All,389518,148409,0,0,0,23115,62129,0,623171,5965516,2.8310424358621473,0.19003586033307876,Slovenia
SI,2023,2107180,All,992,6571,0,0,0,348,562,0,8473,5973989,2.835063449729022,0.1903057739238901,Slovenia
SK,2020,5457873,All,0,0,0,0,0,9074,10,0,9084,9084,0.0016643846421490569,0.0001117230753553285,Slovakia
SK,2021,5459781,All,2207200,10,0,0,0,5417526,4894039,0,12518775,12527859,2.294571705348621,0.15402485762777796,Slovakia
SK,2022,5434712,All,1155790,147247,1339,0,0,117886,215301,0,1637563,14165422,2.6064715112778747,0.17496136751779506,Slovakia
SK,2023,5434712,All,1331,9468,973,0,0,798,648,0,13218,14178640,2.608903654876284,0.17512462699258163,Slovakia
